commune_name,id,mother age 30-34,mother age 35-39,mother age 40-99,total births,mother age 0-25,mother age 25-29
Aadorf,4551,32,23,3,89,7,24
Aarau,4001,89,64,14,224,6,51
Aarberg,301,17,8,1,38,4,8
Aarburg,4271,29,11,2,78,7,29
Aarwangen,321,8,10,2,33,5,8
Abtwil,4221,10,2,1,17,0,4
Aclens,5621,2,2,1,8,1,2
Acquarossa,5048,4,4,0,16,2,6
Adelboden,561,11,4,1,26,7,3
Adligenswil,1051,13,15,2,51,2,19
Adlikon,21,2,1,0,4,0,1
Adliswil,131,98,51,6,210,12,43
Aedermannsdorf,2421,1,0,0,3,1,1
Aefligen,401,4,1,1,8,1,1
Aegerten,731,6,1,0,13,1,5
Aesch (BL),2761,37,20,6,86,9,14
Aesch (LU),1021,4,4,0,13,0,5
Aesch (ZH),241,5,3,2,13,0,3
Aeschi (SO),2511,5,4,1,13,0,3
Aeschi bei Spiez,562,4,6,1,22,2,9
Aeugst am Albis,1,8,7,2,19,0,2
Affeltrangen,4711,13,6,0,30,2,9
Affoltern am Albis,2,33,26,7,107,11,30
Affoltern im Emmental,951,3,1,0,6,2,0
Agarn,6101,1,1,0,6,0,4
Agiez,5742,2,3,0,5,0,0
Agno,5141,9,6,2,28,6,5
Aigle,5401,35,18,7,115,24,31
Aire-la-Ville,6601,4,2,1,10,0,3
Airolo,5061,7,5,1,17,2,2
Alberswil,1121,2,0,0,4,0,2
Albinen,6102,1,0,0,1,0,0
Albula/Alvra,3542,3,3,0,7,1,0
Alchenstorf,402,3,0,0,3,0,0
Allaman,5851,3,0,1,5,1,0
Alle,6771,4,2,1,14,1,6
Allmendingen,630,2,2,0,4,0,0
Allschwil,2762,89,59,16,212,10,38
Alpnach,1401,25,9,2,54,4,14
Alpthal,1361,0,0,1,2,0,1
Altbüron,1122,4,0,0,9,2,3
Altdorf (UR),1201,23,26,3,82,9,21
Altendorf,1341,24,9,7,52,3,9
Alterswil,2291,14,6,3,28,2,3
Altikon,211,1,2,2,6,1,0
Altishofen,1123,8,2,0,19,3,6
Altnau,4641,12,6,2,26,1,5
Alto Malcantone,5237,3,2,1,8,0,2
Altstätten,3251,50,18,4,124,12,40
Altwis,1022,4,0,1,6,0,1
Amden,3311,5,7,2,19,1,4
Amlikon-Bissegg,4881,8,4,1,15,0,2
Ammerswil,4191,1,1,1,5,0,2
Amriswil,4461,42,18,3,138,18,57
Amsoldingen,921,3,4,0,8,0,1
Andeer,3701,4,4,0,9,0,1
Andelfingen,30,16,5,0,27,1,5
Andermatt,1202,6,2,2,13,1,2
Andiast,3611,0,1,0,1,0,0
Andwil (SG),3441,11,3,1,17,1,1
Anières,6602,9,2,4,25,4,6
Anniviers,6252,13,6,1,22,0,2
Anwil,2841,1,1,0,2,0,0
Appenzell,3101,57,25,5,150,12,51
Apples,5421,3,5,2,12,0,2
Aranno,5143,1,1,1,3,0,0
Arbaz,6261,5,4,0,13,2,2
Arbedo-Castione,5001,15,8,1,37,1,12
Arboldswil,2881,1,1,0,3,0,1
Arbon,4401,42,27,8,146,20,49
Arch,381,3,3,1,10,0,3
Arconciel,2171,1,2,1,8,1,3
Ardon,6021,13,6,0,28,3,6
Arisdorf,2821,2,5,0,9,0,2
Aristau,4222,3,3,0,8,0,2
Arlesheim,2763,24,20,6,72,7,15
Arnex-sur-Nyon,5701,0,1,0,1,0,0
Arnex-sur-Orbe,5743,4,1,4,10,0,1
Arni (AG),4061,10,12,1,28,0,5
Arni (BE),602,6,3,1,15,1,4
Arogno,5144,0,0,0,0,0,0
Arosa,3921,5,11,0,21,0,5
Arth,1362,41,18,9,111,11,32
Arzier-Le Muids,5702,6,5,2,16,0,3
Ascona,5091,4,8,3,22,0,7
Assens,5511,3,5,0,10,0,2
Astano,5146,1,1,0,3,0,1
Attalens,2321,12,8,0,31,2,9
Attelwil,4272,2,1,0,5,1,1
Attinghausen,1203,7,4,0,17,1,5
Attiswil,971,2,3,3,10,0,2
Au (SG),3231,32,12,2,78,10,22
Aubonne,5422,14,12,4,35,3,2
Auboranges,2061,0,3,0,3,0,0
Auenstein,4091,5,4,2,11,0,0
Augst,2822,1,1,0,5,0,3
Ausserberg,6191,3,2,0,8,0,3
Auswil,322,4,0,1,5,0,0
Autafond,2172,0,0,0,0,0,0
Autigny,2173,4,2,1,13,0,6
Auw,4223,12,2,0,20,1,5
Avegno Gordevio,5324,3,3,0,7,0,1
Avenches,5451,5,6,3,32,4,14
Avers,3681,1,0,0,1,0,0
Avry,2174,5,7,2,21,1,6
Avully,6603,9,3,1,18,3,2
Avusy,6604,4,5,1,10,0,0
Ayent,6082,11,7,2,27,2,5
Baar,1701,90,68,11,241,19,53
Bachenbülach,51,22,8,4,46,3,9
Bachs,81,5,0,0,8,1,2
Bad Ragaz,3291,27,9,0,47,1,10
Bad Zurzach,4323,11,9,0,34,7,7
Baden,4021,82,74,14,215,8,37
Bagnes,6031,21,12,5,59,6,15
Baldingen,4301,0,0,0,0,0,0
Balerna,5242,10,6,2,25,2,5
Balgach,3232,17,6,5,44,2,14
Ballaigues,5744,4,3,0,14,3,4
Ballens,5423,0,1,0,3,0,2
Ballwil,1023,19,5,3,35,1,7
Balm bei Günsberg,2541,0,0,0,0,0,0
Balsthal,2422,11,10,1,57,13,22
Baltschieder,6281,10,2,1,19,1,5
Bangerten,532,0,1,0,1,0,0
Bannwil,323,1,0,0,1,0,0
Barberêche,2243,2,3,1,6,0,0
Bardonnex,6605,10,5,4,26,0,7
Bargen (BE),302,2,1,0,8,0,5
Bargen (SH),2931,0,0,0,2,0,2
Bas-Intyamon,2162,13,5,0,22,0,4
Bas-Vully,2280,9,3,1,18,2,3
Basadingen-Schlattingen,4536,6,0,1,9,0,2
Basel,2701,664,417,128,1753,172,372
Basse-Allaine,6807,5,4,0,15,1,5
Bassersdorf,52,44,30,6,118,6,32
Bassins,5703,5,5,0,12,1,1
Bauen,1204,1,0,0,2,1,0
Baulmes,5745,3,2,0,11,3,3
Bauma,297,13,7,2,36,2,12
Bavois,5746,10,0,0,13,1,2
Beatenberg,571,1,0,0,4,0,3
Beckenried,1501,15,7,1,36,3,10
Bedano,5148,7,3,0,13,1,2
Bedigliora,5149,1,1,0,3,0,1
Bedretto,5063,0,1,0,1,0,0
Beggingen,2951,0,0,0,1,1,0
Begnins,5704,5,4,5,15,0,1
Beinwil (Freiamt),4224,4,1,2,11,1,3
Beinwil (SO),2612,2,0,0,4,0,2
Beinwil am See,4131,7,5,1,19,3,3
Belfaux,2175,11,6,1,37,4,15
Bellach,2542,13,3,1,37,7,13
Bellevue,6606,13,10,1,35,3,8
Bellikon,4022,6,3,4,15,0,2
Bellinzona,5002,55,25,15,164,16,53
Bellmund,732,4,4,3,12,0,1
Bellwald,6052,1,0,0,2,1,0
Belmont-sur-Lausanne,5581,12,12,2,39,2,11
Belmont-sur-Yverdon,5902,1,1,0,4,0,2
Belp,861,38,22,2,94,6,26
Belprahon,681,0,0,0,1,0,1
Benken (SG),3312,14,9,2,34,2,7
Benken (ZH),22,4,1,0,8,2,1
Bennwil,2882,0,3,1,5,1,0
Bercher,5512,2,1,0,7,0,4
Berg (SG),3211,3,2,0,8,0,3
Berg (TG),4891,9,9,2,23,1,2
Berg am Irchel,23,1,0,1,2,0,0
Bergdietikon,4023,15,8,0,34,1,10
Bergün/Bravuogn,3521,0,1,0,3,1,1
Berikon,4062,16,5,5,37,2,9
Beringen,2932,20,7,5,44,2,10
Berken,972,0,0,0,0,0,0
Berlingen,4801,4,1,0,6,1,0
Bern,351,602,441,95,1457,77,242
Berneck,3233,12,9,2,33,1,9
Bernex,6607,49,21,12,105,7,16
Berolle,5424,0,0,0,0,0,0
Beromünster,1081,23,19,3,63,3,15
Besenbüren,4226,5,0,0,6,0,1
Bettenhausen,973,1,0,1,4,1,1
Bettens,5471,1,0,2,4,0,1
Bettingen,2702,2,1,1,6,0,2
Bettlach,2543,15,9,3,42,5,10
Bettmeralp,6205,2,2,0,5,0,1
Bettwiesen,4716,6,3,0,13,1,3
Bettwil,4227,3,1,0,5,1,0
Beurnevésin,6773,0,0,0,1,0,1
Bevaix,6402,6,12,2,31,3,8
Bever,3781,1,1,0,2,0,0
Bex,5402,28,9,3,73,9,24
Biasca,5281,15,8,0,52,12,17
Biberist,2513,24,21,6,80,2,27
Biberstein,4002,2,9,1,13,0,1
Bichelsee-Balterswil,4721,9,11,1,29,1,7
Biel-Benken,2764,11,7,3,24,1,2
Biel/Bienne,371,211,112,36,602,76,167
Biezwil,2445,1,1,1,3,0,0
Biglen,603,10,2,0,17,2,3
Billens-Hennens,2063,2,1,0,4,0,1
Binn,6054,0,1,0,1,0,0
Binningen,2765,65,45,14,153,5,24
Bioggio,5151,5,10,1,21,2,3
Bioley-Magnoux,5903,0,1,0,4,0,3
Bioley-Orjulaz,5513,2,0,0,6,1,3
Birmensdorf (ZH),242,27,24,0,64,2,11
Birmenstorf (AG),4024,22,14,2,50,2,10
Birr,4092,14,6,1,47,8,18
Birrhard,4093,1,2,0,4,0,1
Birrwil,4132,3,0,0,6,0,3
Birsfelden,2766,32,17,4,82,6,23
Birwinken,4901,1,2,0,7,1,3
Bischofszell,4471,19,9,0,54,4,22
Bissone,5154,2,2,0,4,0,0
Bister,6172,0,0,0,0,0,0
Bitsch,6173,4,0,1,6,0,1
Bivio,3531,1,0,0,1,0,0
Bière,5425,3,2,0,9,2,2
Blatten,6192,1,1,0,2,0,0
Blauen,2781,2,1,0,6,1,2
Bleienbach,324,2,1,0,6,0,3
Blenio,5049,5,5,2,16,1,3
Blitzingen,6055,0,0,0,0,0,0
Blonay,5881,12,15,2,37,1,7
Blumenstein,922,3,0,0,6,1,2
Bodio,5064,5,1,1,13,3,3
Bofflens,5747,1,1,0,4,0,2
Bogis-Bossey,5705,1,1,1,4,1,0
Bolken,2514,3,0,1,6,0,2
Bolligen,352,12,18,4,43,2,7
Boltigen,791,2,1,0,9,1,5
Bonaduz,3721,19,7,0,33,2,5
Boncourt,6774,2,1,1,8,0,4
Bonfol,6775,0,1,1,5,1,2
Boningen,2571,5,1,0,7,0,1
Boniswil,4192,4,2,0,9,1,2
Bonstetten,3,26,17,2,53,2,6
Bonvillars,5551,3,0,0,3,0,0
Boppelsen,82,7,10,2,20,0,1
Borex,5706,3,3,1,8,0,1
Bosco/Gurin,5304,1,0,0,2,0,1
Bossonnens,2323,4,1,0,9,1,3
Boswil,4228,10,5,0,26,0,11
Bottens,5514,4,2,1,10,0,3
Bottenwil,4273,4,4,0,10,0,2
Botterens,2123,2,1,0,4,1,0
Bottighofen,4643,10,4,2,20,2,2
Bottmingen,2767,19,17,13,53,0,4
Boudry,6404,14,12,4,52,6,16
Bougy-Villars,5426,1,0,0,4,0,3
Boulens,5661,3,2,0,5,0,0
Bourg-Saint-Pierre,6032,0,0,0,1,0,1
Bourg-en-Lavaux,5613,23,17,4,53,1,8
Bournens,5472,1,0,0,1,0,0
Bourrignon,6703,0,0,0,0,0,0
Boussens,5473,11,1,1,16,0,3
Bovernier,6131,2,3,1,13,1,6
Bowil,605,7,3,1,18,1,6
Boécourt,6702,3,0,0,4,0,1
Braunau,4723,4,1,1,8,0,2
Bregaglia,3792,3,1,1,12,1,6
Breggia,5269,9,2,0,12,0,1
Breil/Brigels,3981,5,4,1,14,1,3
Breitenbach,2613,13,3,5,39,8,10
Bremblens,5622,3,1,0,5,0,1
Bremgarten (AG),4063,33,12,2,74,7,20
Bremgarten bei Bern,353,17,13,2,37,2,3
Brenles,5662,1,0,0,1,0,0
Brenzikofen,606,1,1,0,3,1,0
Bretigny-sur-Morrens,5515,3,2,1,10,0,4
Bretonnières,5748,2,2,0,4,0,0
Bretzwil,2883,2,0,0,3,0,1
Brienz (BE),573,3,5,2,20,0,10
Brienzwiler,574,2,0,0,2,0,0
Brig-Glis,6002,47,25,6,114,10,26
Brione (Verzasca),5095,1,0,0,1,0,0
Brione sopra Minusio,5096,1,0,0,2,1,0
Brislach,2782,6,3,2,15,0,4
Brissago,5097,4,5,0,11,1,1
Brittnau,4274,17,7,1,30,2,3
Broc,2124,9,2,0,28,7,10
Brot-Dessous,6405,0,0,0,1,0,1
Brot-Plamboz,6433,0,2,0,4,1,1
Brugg,4095,40,17,5,96,8,26
Brunegg,4193,3,3,2,8,0,0
Brusino Arsizio,5160,0,1,0,2,1,0
Brusio,3551,5,2,1,10,0,2
Brügg,733,17,6,4,45,6,12
Brünisried,2292,3,0,0,3,0,0
Brüttelen,491,1,0,1,2,0,0
Brütten,213,9,10,1,23,0,3
Bubendorf,2823,11,10,2,34,1,10
Bubikon,112,37,25,4,79,4,9
Buch (SH),2961,1,1,0,2,0,0
Buch am Irchel,24,5,4,0,14,1,4
Buchberg,2933,3,2,1,7,0,1
Buchegg,2465,7,4,1,16,0,4
Buchholterberg,923,7,1,0,16,1,7
Buchillon,5623,1,1,0,2,0,0
Buchrain,1052,24,7,4,59,7,17
Buchs (AG),4003,30,14,4,89,13,28
Buchs (SG),3271,45,20,5,126,10,46
Buchs (ZH),83,26,17,3,76,6,24
Buckten,2843,3,0,0,6,1,2
Bulle,2125,86,48,10,238,33,61
Bullet,5552,1,2,0,5,0,2
Buochs,1502,29,8,3,57,5,12
Bure,6778,1,0,0,2,0,1
Burg (AG),4133,6,1,0,13,2,4
Burg im Leimental,2783,0,3,0,3,0,0
Burgdorf,404,64,22,9,148,16,37
Burgistein,863,0,0,0,1,0,1
Bursinel,5852,0,3,1,6,0,2
Bursins,5853,7,2,0,10,0,1
Burtigny,5854,3,0,1,6,0,2
Buseno,3804,0,0,0,0,0,0
Bussigny,5624,36,21,7,93,6,23
Bussnang,4921,6,3,2,18,1,6
Busswil bei Melchnau,325,0,0,0,1,0,1
Bussy (FR),2004,1,0,0,1,0,0
Bussy-Chardonney,5625,1,0,0,1,0,0
Bussy-sur-Moudon,5663,0,2,0,2,0,0
Buttisholz,1083,11,12,1,32,2,6
Buttwil,4230,3,2,1,8,0,2
Buus,2844,4,0,0,8,1,3
Bäretswil,111,22,10,11,60,4,13
Bäriswil,403,1,3,1,6,0,1
Bärschwil,2611,3,0,1,5,1,0
Bätterkinden,533,18,3,2,34,1,10
Bättwil,2471,2,1,0,8,1,4
Böbikon,4302,2,0,0,2,0,0
Böckten,2842,0,2,0,4,0,2
Bönigen,572,6,4,1,18,2,5
Bösingen,2295,11,4,0,24,0,9
Böttstein,4303,10,4,1,27,6,6
Bözberg,4124,4,0,2,9,0,3
Bözen,4094,1,1,1,3,0,0
Büetigen,382,2,1,0,4,0,1
Bühl,734,1,0,0,1,0,0
Bühler,3021,7,2,2,18,1,6
Bülach,53,86,46,10,215,16,57
Bünzen,4229,2,1,1,6,0,2
Bürchen,6193,3,1,0,6,0,2
Büren (SO),2472,5,0,0,7,0,2
Büren an der Aare,383,9,6,0,26,2,9
Bürglen (TG),4911,10,2,1,23,3,7
Bürglen (UR),1205,11,7,1,35,2,14
Büron,1082,8,3,0,20,5,4
Büsserach,2614,8,3,1,17,0,5
Bütschwil-Ganterschwil,3395,16,7,0,45,6,16
Büttenhardt,2914,1,1,0,3,0,1
Büttikon,4064,2,3,1,6,0,0
Cademario,5161,3,0,1,5,0,1
Cadempino,5162,8,7,1,19,1,2
Cadenazzo,5003,10,3,3,33,2,15
Calanca,3837,0,0,0,1,0,1
Cama,3831,1,1,0,5,0,3
Camorino,5004,9,6,1,28,2,10
Campo (Vallemaggia),5307,0,0,0,0,0,0
Canobbio,5167,5,2,3,17,1,6
Capriasca,5226,19,20,5,53,2,7
Carouge (GE),6608,85,75,15,251,23,53
Carrouge (VD),5782,5,2,0,8,1,0
Cartigny,6609,2,2,0,4,0,0
Caslano,5171,5,10,1,30,6,8
Castaneda,3805,1,0,1,2,0,0
Castel San Pietro,5249,9,3,0,19,1,6
Casti-Wergenstein,3703,0,0,0,0,0,0
Cazis,3661,9,1,1,16,0,5
Celerina/Schlarigna,3782,4,7,2,16,0,3
Centovalli,5397,5,4,1,11,0,1
Cerentino,5309,0,0,0,0,0,0
Cevio,5310,4,1,1,11,0,5
Chalais,6232,14,4,0,24,1,5
Cham,1702,68,61,17,185,9,30
Chamblon,5904,1,3,0,6,0,2
Chamoson,6022,11,10,1,33,1,10
Champagne,5553,6,2,0,10,0,2
Champoz,683,0,0,0,1,1,0
Champtauroz,5812,0,0,0,0,0,0
Champvent,5905,6,3,0,11,0,2
Champéry,6151,5,1,0,9,0,3
Chancy,6611,4,5,2,15,1,3
Chapelle (Glâne),2066,1,0,0,1,0,0
Chardonne,5882,10,10,5,29,0,4
Charrat,6132,6,5,1,16,2,2
Chavannes-de-Bogis,5707,5,4,4,16,1,2
Chavannes-des-Bois,5708,3,3,0,6,0,0
Chavannes-le-Chêne,5907,1,0,0,4,1,2
Chavannes-le-Veyron,5475,0,1,0,1,0,0
Chavannes-près-Renens,5627,61,22,5,138,13,37
Chavannes-sur-Moudon,5665,3,0,0,4,0,1
Chavornay,5749,23,12,0,62,9,18
Cheiry,2009,3,0,0,5,2,0
Chermignon,6234,12,2,0,19,2,3
Chesalles-sur-Moudon,5666,0,0,0,0,0,0
Cheseaux-Noréaz,5909,1,0,1,4,1,1
Cheseaux-sur-Lausanne,5582,18,17,1,52,2,14
Chessel,5403,0,0,0,2,0,2
Chevilly,5476,2,1,0,3,0,0
Chevroux,5813,2,0,0,2,0,0
Chexbres,5601,2,4,3,15,1,5
Cheyres,2010,6,2,0,14,1,5
Chiasso,5250,20,19,4,63,9,11
Chigny,5628,1,1,0,2,0,0
Chippis,6235,5,3,0,13,0,5
Choulex,6614,5,3,0,8,0,0
Chur,3901,117,71,25,300,16,71
Churwalden,3911,10,1,0,22,2,9
Châbles,2005,1,1,0,2,0,0
Château-d'Oex,5841,17,5,1,36,4,9
Châtel-Saint-Denis,2325,28,17,2,75,11,17
Châtel-sur-Montsalvens,2128,0,0,0,2,0,2
Châtillon (FR),2008,2,1,0,3,0,0
Châtillon (JU),6704,1,0,0,4,0,3
Châtonnaye,2068,3,0,0,5,0,2
Chénens,2177,0,1,0,3,0,2
Chéserex,5709,2,1,1,9,0,5
Chésopelloz,2179,1,0,0,1,0,0
Chêne-Bougeries,6612,26,24,6,75,8,11
Chêne-Bourg,6613,32,19,6,81,8,16
Chêne-Pâquier,5908,0,0,1,1,0,0
Clarmont,5629,0,0,0,1,0,1
Claro,5282,12,7,4,33,4,6
Clavaleyres,661,0,0,0,0,0,0
Clos du Doubs,6808,6,4,1,17,1,5
Coeuve,6781,5,3,1,12,1,2
Coinsins,5710,0,0,0,0,0,0
Coldrerio,5251,5,6,4,18,1,2
Collex-Bossy,6615,3,6,3,15,1,2
Collina d'Oro,5236,11,14,6,40,1,8
Collombey-Muraz,6152,19,12,3,62,7,21
Collonge-Bellerive,6616,23,24,7,58,1,3
Collonges,6211,2,1,1,8,2,2
Cologny,6617,11,7,1,25,1,5
Comano,5176,7,11,1,21,0,2
Commugny,5711,9,6,3,20,0,2
Concise,5554,7,2,1,12,0,2
Confignon,6618,14,15,2,35,1,3
Conters im Prättigau,3881,1,0,0,1,0,0
Conthey,6023,26,20,4,88,10,28
Coppet,5712,11,11,6,33,1,4
Corban,6705,2,0,1,6,0,3
Corbeyrier,5404,1,0,0,4,0,3
Corbières,2129,5,3,0,9,0,1
Corcelles (BE),687,1,0,1,3,0,1
Corcelles-Cormondrèche,6407,21,14,3,47,3,6
Corcelles-le-Jorat,5785,1,0,0,4,0,3
Corcelles-près-Concise,5555,2,0,0,3,0,1
Corcelles-près-Payerne,5816,9,3,0,19,2,5
Corcelles-sur-Chavornay,5751,1,0,0,2,0,1
Corgémont,431,8,3,0,18,0,7
Corippo,5102,0,0,0,0,0,0
Corminboeuf,2183,5,7,1,21,2,6
Cormoret,432,0,1,0,3,0,2
Cornaux,6451,9,5,0,18,0,4
Cornol,6782,1,1,0,5,1,2
Corpataux-Magnedens,2184,5,2,0,10,0,3
Corseaux,5883,7,4,2,14,0,1
Corserey,2185,1,3,0,4,0,0
Corsier (GE),6619,3,5,2,13,0,3
Corsier-sur-Vevey,5884,11,7,3,30,3,6
Cortaillod,6408,14,11,2,39,2,10
Cortébert,433,1,0,3,10,2,4
Cossonay,5477,17,8,2,41,5,9
Cottens (FR),2186,3,4,1,9,0,1
Cottens (VD),5478,2,0,0,6,1,3
Courchapoix,6706,1,0,0,4,0,3
Courchavon,6783,0,1,0,3,2,0
Courgenay,6784,10,5,2,24,2,5
Courgevaux,2250,5,4,1,18,4,4
Courlevon,2251,2,2,0,4,0,0
Courrendlin,6708,9,5,2,34,2,16
Courroux,6709,9,2,1,24,3,9
Court,690,5,1,0,9,0,3
Courtedoux,6785,3,0,1,6,1,1
Courtelary,434,6,1,1,13,1,4
Courtepin,2254,16,8,2,51,7,18
Courtételle,6710,11,7,0,28,5,5
Crans-près-Céligny,5713,6,5,3,15,0,1
Crassier,5714,5,4,1,11,1,0
Cremin,5668,0,0,0,0,0,0
Cresciano,5283,2,2,0,8,3,1
Cressier (FR),2257,8,0,0,8,0,0
Cressier (NE),6452,7,5,1,16,2,1
Crissier,5583,31,12,4,89,13,29
Croglio,5178,1,1,2,7,2,1
Cronay,5910,0,0,0,2,0,2
Croy,5752,0,0,1,1,0,0
Crémines,691,5,1,0,8,1,1
Crésuz,2130,2,1,1,6,0,2
Cuarnens,5479,3,1,0,6,1,1
Cuarny,5911,1,0,0,3,0,2
Cudrefin,5456,7,4,1,13,0,1
Cugnasco-Gerra,5138,8,5,6,22,1,2
Cugy (FR),2011,5,0,0,14,2,7
Cugy (VD),5516,10,4,2,25,1,8
Cunter,3532,0,0,0,1,0,1
Cureglia,5180,6,6,0,12,0,0
Curio,5181,0,1,0,3,0,2
Curtilles,5669,2,1,0,4,0,1
Céligny,6610,2,1,1,4,0,0
Dachsen,25,14,6,3,26,1,2
Dagmersellen,1125,20,12,2,52,4,14
Daillens,5480,3,7,1,12,0,1
Dallenwil,1503,5,3,0,14,3,3
Dalpe,5071,1,1,1,3,0,0
Damphreux,6787,0,1,0,3,0,2
Dardagny,6620,7,5,2,16,0,2
Davos,3851,44,27,11,107,3,22
Degersheim,3401,19,12,3,53,6,13
Deisswil bei Münchenbuchsee,535,1,0,0,1,0,0
Deitingen,2516,7,5,0,19,3,4
Delley-Portalban,2051,4,2,0,10,1,3
Delémont,6711,60,26,7,135,8,34
Denens,5631,3,0,1,5,0,1
Denges,5632,4,0,2,10,1,3
Densbüren,4004,2,2,0,4,0,0
Derendingen,2517,20,10,3,50,3,14
Develier,6712,8,3,0,13,0,2
Diegten,2884,6,2,1,12,2,1
Dielsdorf,86,20,17,2,61,4,18
Diemerswil,536,3,0,0,3,0,0
Diemtigen,762,3,2,1,18,4,8
Diepflingen,2845,6,2,0,11,0,3
Diepoldsau,3234,33,12,9,80,10,16
Dierikon,1053,14,0,1,18,0,3
Diessbach bei Büren,385,1,4,1,11,2,3
Diessenhofen,4545,13,8,1,36,5,9
Dietikon,243,107,59,17,337,54,100
Dietlikon,54,31,19,7,78,4,17
Dietwil,4231,12,5,1,19,0,1
Dinhard,216,6,3,0,14,1,4
Dintikon,4194,11,8,1,27,2,5
Disentis/Mustér,3982,4,2,2,18,1,9
Dittingen,2784,6,4,0,10,0,0
Dizy,5481,0,0,0,3,0,3
Domat/Ems,3722,41,10,3,81,7,20
Domdidier,2013,14,4,0,31,3,10
Domleschg,3673,7,3,1,18,1,6
Dompierre (FR),2014,4,1,1,13,2,5
Dompierre (VD),5671,0,1,1,2,0,0
Donat,3705,1,1,0,2,0,0
Donneloye,5913,2,2,1,8,0,3
Doppleschwand,1001,2,2,0,10,2,4
Dorf,26,0,1,0,2,0,1
Dornach,2473,29,17,4,65,3,12
Dorénaz,6212,3,1,0,9,0,5
Dottikon,4065,18,11,4,51,3,15
Dotzigen,386,5,0,0,9,0,4
Dozwil,4406,5,2,1,9,0,1
Drei Höfe,2535,2,2,1,6,0,1
Duggingen,2785,1,4,1,7,1,0
Duillier,5715,5,2,1,8,0,0
Dulliken,2573,15,5,2,52,12,18
Dully,5855,2,1,0,4,0,1
Dägerlen,214,4,2,0,8,0,2
Dällikon,84,16,4,1,42,11,10
Däniken,2572,9,4,0,19,1,5
Dänikon,85,6,4,1,19,2,6
Därligen,575,1,2,0,4,0,1
Därstetten,761,3,1,0,7,1,2
Dättlikon,215,2,2,1,6,0,1
Démoret,5912,0,1,0,2,0,1
Dörflingen,2915,5,2,1,10,0,2
Döttingen,4304,6,6,1,38,11,14
Dübendorf,191,92,79,21,276,19,65
Düdingen,2293,27,18,2,71,5,19
Dürnten,113,28,10,1,69,7,23
Dürrenroth,952,3,4,0,10,1,2
Dürrenäsch,4134,10,1,1,15,1,2
Ebersecken,1126,4,2,0,6,0,0
Ebikon,1054,38,37,4,123,13,31
Ebnat-Kappel,3352,11,3,1,40,2,23
Echallens,5518,22,12,2,55,4,15
Echandens,5633,10,6,1,20,0,3
Echarlens,2131,10,1,0,15,1,3
Echichens,5634,8,9,1,27,1,8
Eclépens,5482,3,4,0,8,1,0
Ecublens (FR),2072,0,1,0,1,0,0
Ecublens (VD),5635,39,28,9,136,20,40
Ederswiler,6713,0,0,0,0,0,0
Effingen,4096,2,2,2,7,0,1
Egerkingen,2401,9,2,3,41,9,18
Egg,192,22,20,9,63,3,9
Eggenwil,4066,3,1,0,4,0,0
Eggerberg,6004,0,0,1,1,0,0
Eggersriet,3212,12,3,1,23,1,6
Eggiwil,901,9,6,1,27,3,8
Eglisau,55,34,16,3,77,3,21
Egliswil,4195,6,3,0,12,1,2
Egnach,4411,16,8,3,43,5,11
Egolzwil,1127,9,2,1,16,1,3
Ehrendingen,4049,8,13,4,36,0,11
Eich,1084,9,4,1,15,0,1
Eichberg,3252,6,7,2,21,1,5
Eiken,4161,10,8,0,26,2,6
Einsiedeln,1301,48,26,8,133,10,41
Eischoll,6194,1,1,0,3,0,1
Eisten,6282,0,0,0,1,1,0
Elfingen,4097,0,0,1,1,0,0
Elgg,217,26,10,0,54,6,12
Ellikon an der Thur,218,4,2,1,10,1,2
Elsau,219,16,11,1,40,4,8
Embd,6283,0,0,0,0,0,0
Embrach,56,27,23,6,91,7,28
Emmen,1024,104,60,12,324,44,104
Emmetten,1504,6,3,1,10,0,0
Endingen,4305,5,2,0,13,0,6
Engelberg,1402,8,12,0,26,1,5
Enges,6453,1,2,0,6,0,3
Ennetbaden,4026,17,13,1,43,0,12
Ennetbürgen,1505,17,8,0,42,2,15
Ennetmoos,1506,13,5,3,30,1,8
Entlebuch,1002,15,11,1,35,1,7
Epalinges,5584,32,20,3,76,9,12
Ependes (FR),2189,6,0,1,12,0,5
Ependes (VD),5914,1,1,0,5,1,2
Eppenberg-Wöschnau,2574,0,1,0,3,1,1
Epsach,735,1,0,0,2,0,1
Eptingen,2885,2,2,0,8,0,4
Ergisch,6104,0,0,0,0,0,0
Eriswil,953,1,3,1,7,0,2
Eriz,924,2,0,0,3,1,0
Erlach,492,6,3,0,12,0,3
Erlen,4476,8,5,1,33,7,12
Erlenbach (ZH),151,17,11,7,39,1,3
Erlenbach im Simmental,763,6,3,1,19,0,9
Erlinsbach (AG),4005,22,12,1,46,4,7
Erlinsbach (SO),2503,18,8,0,35,2,7
Ermatingen,4646,9,6,4,24,1,4
Ermensee,1025,4,2,2,12,1,3
Ernen,6056,4,1,0,5,0,0
Erschwil,2615,0,0,0,8,3,5
Ersigen,405,6,1,1,11,1,2
Erstfeld,1206,9,7,2,36,3,15
Eschenbach (LU),1026,10,8,2,26,1,5
Eschenbach (SG),3342,36,17,3,84,6,22
Eschenz,4806,8,7,1,21,1,4
Eschert,692,2,0,0,5,1,2
Eschlikon,4724,7,8,4,36,3,14
Escholzmatt-Marbach,1010,22,3,1,44,8,10
Essert-Pittet,5915,3,0,0,3,0,0
Essertes,5788,0,0,0,0,0,0
Essertines-sur-Rolle,5856,0,0,1,6,2,3
Essertines-sur-Yverdon,5520,6,3,1,15,2,3
Estavayer-le-Lac,2015,20,13,9,78,10,26
Etagnières,5521,6,3,0,15,1,5
Etoy,5636,15,5,3,29,1,5
Ettingen,2768,16,8,4,37,3,6
Ettiswil,1128,8,7,3,25,2,5
Etziken,2518,1,2,0,6,0,3
Evilard,372,6,8,2,19,1,2
Evionnaz,6213,8,5,1,16,0,2
Evolène,6083,6,1,1,12,1,3
Eysins,5716,11,5,2,24,0,6
Fahrni,925,3,4,0,11,1,3
Fahrwangen,4196,4,4,1,18,2,7
Fahy,6789,1,0,0,2,0,1
Faido,5072,10,5,3,27,1,8
Falera,3572,1,0,1,5,0,3
Faoug,5458,3,5,0,8,0,0
Farnern,975,1,1,0,3,1,0
Farvagny,2192,9,7,2,31,4,9
Fehraltorf,172,31,13,5,76,7,20
Fehren,2616,1,2,0,4,0,1
Felben-Wellhausen,4561,8,4,0,25,5,8
Feldbrunnen-St. Niklaus,2544,3,5,1,12,1,2
Felsberg,3731,17,5,0,31,1,8
Ferden,6195,0,0,0,1,0,1
Ferenbalm,662,3,2,1,12,2,4
Ferlens (VD),5789,0,2,0,2,0,0
Ferpicloz,2194,3,1,0,7,2,1
Ferrera,3713,0,0,0,0,0,0
Ferreyres,5483,1,1,0,3,0,1
Feuerthalen,27,13,14,1,39,1,10
Feusisberg,1321,25,17,8,65,4,11
Fey,5522,1,3,1,6,0,1
Fideris,3861,0,1,1,4,0,2
Fiesch,6057,4,3,0,8,0,1
Fieschertal,6058,0,4,0,5,1,0
Fiez,5556,2,1,0,5,2,0
Filisur,3522,3,2,0,7,0,2
Finhaut,6214,0,2,0,2,0,0
Finsterhennen,493,6,1,2,10,1,0
Fischbach,1129,1,2,0,6,0,3
Fischbach-Göslikon,4067,12,5,0,22,2,3
Fischenthal,114,4,8,1,24,6,5
Fischingen,4726,11,1,1,18,0,5
Fisibach,4306,2,0,0,2,0,0
Fislisbach,4027,18,14,3,51,3,13
Flaach,28,1,2,3,12,2,4
Flawil,3402,43,21,3,113,14,32
Flerden,3662,3,1,0,5,0,1
Flims,3732,9,5,2,21,1,4
Flumenthal,2545,1,3,0,6,1,1
Flums,3292,15,8,0,54,6,25
Flurlingen,29,1,1,1,7,1,3
Fläsch,3951,2,4,0,8,1,1
Flüelen,1207,14,5,0,22,0,3
Flühli,1004,11,1,0,18,1,5
Fontaines-sur-Grandson,5557,0,0,0,0,0,0
Fontenais,6790,6,6,1,19,1,5
Forel (Lavaux),5604,12,5,0,22,0,5
Forel-sur-Lucens,5672,0,0,0,1,0,1
Forst-Längenbühl,948,7,2,0,10,0,1
Founex,5717,8,13,4,29,1,3
Frasco,5105,0,0,0,0,0,0
Fraubrunnen,538,16,11,1,39,4,7
Frauenfeld,4566,106,54,11,249,16,62
Frauenkappelen,663,8,4,0,14,0,2
Freienbach,1322,56,50,15,161,9,31
Freienstein-Teufen,57,6,1,0,12,0,5
Freienwil,4028,4,1,0,5,0,0
Freimettigen,607,2,4,1,7,0,0
Frenkendorf,2824,17,10,5,57,8,17
Fresens,6409,2,0,0,2,0,0
Fribourg,2196,173,86,19,452,44,130
Frick,4163,27,13,1,69,10,18
Froideville,5523,7,11,2,23,0,3
Frutigen,563,28,14,4,69,7,16
Fräschels,2258,3,0,0,5,1,1
Fulenbach,2575,5,3,2,16,1,5
Full-Reuenthal,4307,3,2,0,8,1,2
Fully,6133,30,20,3,85,7,25
Furna,3862,2,0,0,3,0,1
Fällanden,193,48,33,8,109,3,17
Féchy,5427,4,0,2,8,0,2
Fétigny,2016,2,2,1,8,1,2
Füllinsdorf,2825,14,8,0,31,3,6
Fürstenau,3633,3,1,0,6,0,2
Gachnang,4571,11,9,2,27,3,2
Gais,3022,13,4,1,33,4,11
Gaiserwald,3442,29,16,4,75,3,23
Galgenen,1342,20,13,3,54,4,14
Galmiz,2259,1,1,0,2,0,0
Gals,494,3,0,2,9,0,4
Gambarogno,5398,15,5,5,39,3,11
Gampel-Bratsch,6118,11,3,1,20,2,3
Gampelen,495,5,3,0,12,0,4
Gams,3272,12,3,6,32,3,8
Gansingen,4164,2,0,1,4,0,1
Gebenstorf,4029,19,12,5,52,1,15
Gelterfingen,865,1,1,0,2,0,0
Gelterkinden,2846,15,10,1,44,5,13
Geltwil,4232,0,0,0,1,0,1
Gempen,2474,3,1,1,5,0,0
Gempenach,2260,1,0,0,1,0,0
Genolier,5718,7,5,1,16,0,3
Genthod,6622,4,6,4,19,2,3
Genève,6621,803,652,219,2262,142,446
Gerlafingen,2519,16,4,1,47,7,19
Geroldswil,244,25,15,3,63,9,11
Gersau,1311,7,7,0,22,3,5
Gerzensee,866,7,2,1,13,0,3
Gettnau,1130,7,0,1,12,2,2
Geuensee,1085,4,6,2,27,5,10
Giebenach,2826,3,7,2,17,1,4
Giez,5559,1,0,0,3,1,1
Giffers,2294,4,1,0,7,1,1
Gilly,5857,4,5,1,12,1,1
Gimel,5428,5,5,0,20,2,8
Gingins,5719,5,3,1,9,0,0
Giornico,5073,0,0,1,1,0,0
Gipf-Oberfrick,4165,18,8,0,32,2,4
Gisikon,1055,3,1,3,11,1,3
Giswil,1403,8,6,0,26,2,10
Giubiasco,5005,34,17,8,80,4,17
Givisiez,2197,15,10,0,39,6,8
Givrins,5720,3,7,0,10,0,0
Gland,5721,57,43,12,151,8,31
Glarus,1632,40,18,9,121,14,40
Glarus Nord,1630,76,29,4,193,27,57
Glarus Süd,1631,29,13,1,78,2,33
Glattfelden,58,25,8,3,51,7,8
Gletterens,2022,3,3,3,18,3,6
Gnosca,5006,4,1,0,7,0,2
Golaten,664,2,2,0,6,0,2
Goldach,3213,40,19,4,87,5,19
Gollion,5484,4,5,2,15,0,4
Gommiswald,3341,20,14,0,43,2,7
Gondiswil,326,2,2,0,4,0,0
Gonten,3102,2,1,1,5,0,1
Gontenschwil,4135,6,4,2,19,1,6
Gordola,5108,11,15,3,38,1,8
Gorduno,5007,1,2,1,8,0,4
Gorgier,6410,7,1,0,17,1,8
Gossau (SG),3443,75,22,3,185,14,71
Gossau (ZH),115,34,21,7,89,9,18
Gottlieben,4651,2,0,0,3,0,1
Goumoëns,5541,9,4,4,21,2,2
Graben,976,1,0,0,2,0,1
Grabs,3273,22,20,4,67,7,14
Grafschaft,6073,0,0,0,1,0,1
Grancia,5186,1,2,0,4,0,1
Grancy,5485,3,3,0,6,0,0
Grandcour,5817,2,3,0,7,0,2
Grandevent,5560,1,1,0,2,0,0
Grandfontaine,6792,4,0,0,4,0,0
Grandson,5561,16,7,1,38,2,12
Grandval,694,1,1,0,4,0,2
Grandvillard,2134,8,2,0,11,1,0
Granges (Veveyse),2328,7,0,1,8,0,0
Granges-Paccot,2198,21,11,1,53,4,16
Grangettes,2079,2,0,1,4,0,1
Gravesano,5187,5,1,1,8,1,0
Greifensee,194,23,17,6,66,5,15
Grellingen,2786,8,1,0,18,3,6
Grenchen,2546,52,28,5,165,27,53
Greng,2261,0,1,0,1,0,0
Grengiols,6177,1,1,1,4,0,1
Grens,5722,2,0,1,5,0,2
Greppen,1056,2,3,2,11,2,2
Gresso,5109,0,1,0,1,0,0
Gretzenbach,2576,6,5,3,19,3,2
Grimisuat,6263,13,6,3,30,2,6
Grindel,2617,1,1,0,2,0,0
Grindelwald,576,10,6,4,27,4,3
Grolley,2200,7,3,0,16,1,5
Grono,3832,3,1,2,7,0,1
Grossaffoltern,303,11,7,1,27,1,7
Grossdietwil,1131,3,4,1,10,0,2
Grosshöchstetten,608,11,3,0,25,1,10
Grosswangen,1086,21,4,1,38,6,6
Grub (AR),3031,3,1,1,9,0,4
Gruyères,2135,11,5,0,29,3,10
Gryon,5405,4,2,1,11,0,4
Grächen,6285,6,2,1,11,0,2
Gränichen,4006,15,9,3,39,2,10
Grône,6238,5,1,1,12,1,4
Grüningen,116,12,11,1,29,0,5
Grüsch,3961,9,5,0,21,3,4
Gsteig,841,5,2,0,9,0,2
Gsteigwiler,577,1,0,0,2,0,1
Gudo,5008,3,2,1,11,1,4
Guggisberg,852,4,2,1,12,1,4
Gunzgen,2578,3,4,0,14,1,6
Gurbrü,665,1,1,0,2,0,0
Gurmels,2262,8,8,3,35,2,14
Gurtnellen,1209,1,0,0,1,0,0
Gurzelen,867,4,2,0,9,1,2
Guttannen,782,2,0,0,2,0,0
Guttet-Feschel,6117,1,1,0,2,0,0
Gy,6624,3,3,0,7,0,1
Gächlingen,2901,2,2,1,9,0,4
Gänsbrunnen,2423,0,0,0,0,0,0
Göschenen,1208,5,0,0,6,0,1
Gündlischwand,578,1,0,0,4,0,3
Günsberg,2547,3,4,0,10,0,3
Güttingen,4656,3,0,1,7,1,2
Habkern,579,4,0,0,6,0,2
Habsburg,4099,1,0,0,1,0,0
Hagenbuch,220,6,3,0,14,1,4
Hagneck,736,1,1,0,2,0,0
Haldenstein,3941,5,2,2,12,1,2
Hallau,2971,10,4,1,18,1,2
Hallwil,4197,4,3,1,10,0,2
Halten,2520,6,0,0,7,0,1
Hasle (LU),1005,6,2,2,15,1,4
Hasle bei Burgdorf,406,7,8,0,27,1,11
Hasliberg,783,6,2,0,12,1,3
Hauenstein-Ifenthal,2491,1,0,0,1,0,0
Hauptwil-Gottshaus,4486,5,6,1,22,2,8
Hausen (AG),4100,22,9,3,46,3,9
Hausen am Albis,4,10,12,2,30,0,6
Haut-Intyamon,2121,3,4,1,12,2,2
Haut-Vully,2281,2,2,1,7,0,2
Haute-Ajoie,6809,5,3,0,10,0,2
Haute-Sorne,6729,24,13,2,65,6,20
Hauterive (FR),2233,13,5,3,28,1,6
Hauterive (NE),6454,13,5,1,29,3,7
Hauteville,2137,0,1,1,3,0,1
Hedingen,5,15,12,1,39,7,4
Hefenhofen,4416,4,1,3,10,1,1
Heiden,3032,7,7,0,27,3,10
Heiligenschwendi,927,2,0,0,4,0,2
Heimberg,928,28,14,1,70,5,22
Heimenhausen,977,6,3,0,11,0,2
Heimiswil,407,6,3,1,17,1,6
Heitenried,2296,7,3,0,11,0,1
Hellikon,4251,6,2,1,9,0,0
Hellsau,408,0,1,0,2,0,1
Hemberg,3372,6,2,0,12,1,3
Hemishofen,2962,1,1,0,3,0,1
Hemmiken,2848,2,0,0,2,0,0
Hendschiken,4198,5,1,0,13,1,6
Henggart,31,6,12,3,26,1,4
Henniez,5819,0,1,0,3,1,1
Herbetswil,2424,0,2,0,2,0,0
Herbligen,610,3,2,1,7,1,0
Herdern,4811,3,2,2,9,1,1
Hergiswil (NW),1507,17,19,1,48,3,8
Hergiswil bei Willisau,1132,5,5,0,24,3,11
Herisau,3001,43,28,6,130,10,43
Hermance,6625,0,3,0,6,0,3
Hermenches,5673,5,0,0,6,0,1
Hermiswil,978,0,0,0,0,0,0
Hermrigen,737,0,0,0,1,0,1
Herrliberg,152,20,11,7,45,3,4
Hersberg,2827,1,2,0,3,0,0
Herznach,4166,6,10,0,22,1,5
Herzogenbuchsee,979,23,13,1,64,8,19
Hettlingen,221,12,8,2,26,0,4
Hildisrieden,1088,9,5,2,23,2,5
Hilterfingen,929,12,8,0,28,1,7
Himmelried,2618,1,4,2,8,1,0
Hindelbank,409,16,5,0,27,1,5
Hinterrhein,3691,0,0,0,0,0,0
Hinwil,117,38,22,5,103,10,28
Hirschthal,4007,2,0,2,10,1,5
Hirzel,132,5,7,3,19,0,4
Hittnau,173,6,12,2,28,1,7
Hitzkirch,1030,11,10,4,44,5,14
Hochdorf,1031,42,16,2,94,7,27
Hochfelden,59,5,6,2,16,1,2
Hochwald,2475,3,6,1,13,2,1
Hofstetten (ZH),222,1,2,0,3,0,0
Hofstetten bei Brienz,580,0,0,1,3,2,0
Hofstetten-Flüh,2476,10,10,1,26,0,5
Hohenrain,1032,15,6,1,29,1,6
Hohentannen,4495,2,0,0,5,0,3
Holderbank (AG),4199,6,2,0,13,0,5
Holderbank (SO),2425,1,2,0,5,0,2
Holziken,4136,4,3,1,10,0,2
Homberg,931,3,2,0,8,0,3
Hombrechtikon,153,25,25,5,74,5,14
Homburg,4816,8,4,0,16,1,3
Honau,1057,0,2,2,6,0,2
Horgen,133,81,72,18,229,12,46
Horn,4421,8,3,0,19,0,8
Hornussen,4167,3,0,1,5,0,1
Horrenbach-Buchen,932,4,0,1,5,0,0
Horriwil,2523,5,1,0,12,0,6
Horw,1058,48,40,8,125,10,19
Hospental,1210,0,0,0,0,0,0
Hubersdorf,2548,1,1,1,4,0,1
Humlikon,32,1,2,0,5,0,2
Hundwil,3002,6,3,0,15,2,4
Hunzenschwil,4200,15,12,2,50,4,17
Huttwil,954,18,7,0,35,1,9
Häfelfingen,2847,1,0,0,3,0,2
Hägendorf,2579,11,11,3,45,2,18
Häggenschwil,3201,4,2,0,10,0,4
Hägglingen,4068,9,10,1,23,2,1
Härkingen,2402,6,5,0,13,0,2
Häutligen,609,1,0,0,1,0,0
Hérémence,6084,3,1,1,7,0,2
Höchstetten,410,1,0,0,2,0,1
Hölstein,2886,16,7,1,27,1,2
Höri,60,5,5,2,25,6,7
Hünenberg,1703,32,32,5,91,6,16
Hüniken,2524,0,0,0,0,0,0
Hüntwangen,61,4,3,0,9,2,0
Hütten,134,4,1,0,6,1,0
Hüttikon,87,1,0,0,3,0,2
Hüttlingen,4590,3,4,0,8,1,0
Hüttwilen,4821,4,5,2,16,0,5
Icogne,6239,2,0,0,3,1,0
Iffwil,541,2,3,0,5,0,0
Ilanz/Glion,3619,22,9,2,54,3,18
Illgau,1363,5,0,0,13,0,8
Illnau-Effretikon,174,58,43,13,196,16,66
Inden,6109,0,0,0,0,0,0
Ingenbohl,1364,32,13,4,73,5,19
Inkwil,980,3,2,0,7,1,1
Innerthal,1343,0,1,0,1,0,0
Innertkirchen,784,4,2,1,11,1,3
Ins,496,13,6,5,38,5,9
Interlaken,581,17,9,2,46,6,12
Inwil,1033,16,7,0,32,1,8
Ipsach,739,15,5,3,31,3,5
Iragna,5284,1,0,0,2,0,1
Iseltwald,582,2,0,0,5,0,3
Isenthal,1211,1,0,0,2,0,1
Islisberg,4084,3,2,0,7,0,2
Isone,5009,1,1,1,4,0,1
Isorno,5137,0,1,0,1,0,0
Isérables,6134,5,3,0,13,0,5
Itingen,2849,6,1,1,16,2,6
Ittigen,362,39,32,6,109,4,28
Jaberg,868,2,0,0,2,0,0
Jaun,2138,3,0,0,3,0,0
Jegenstorf,540,18,14,2,47,3,10
Jenaz,3863,6,2,0,15,1,6
Jenins,3952,4,4,1,10,0,1
Jens,738,0,0,1,2,1,0
Jeuss,2264,0,0,1,2,0,1
Jonen,4071,7,8,0,19,2,2
Jongny,5885,6,4,1,13,1,1
Jonschwil,3405,18,12,2,44,2,10
Jorat-Menthue,5804,7,3,2,22,0,10
Jouxtens-Mézery,5585,4,4,2,12,0,2
Juriens,5754,1,2,0,3,0,0
Jussy,6626,4,5,3,13,0,1
Kaiseraugst,4252,29,13,3,65,2,18
Kaiserstuhl,4308,1,1,0,2,0,0
Kaisten,4169,8,5,1,19,2,3
Kallern,4233,0,0,0,0,0,0
Kallnach,304,6,3,0,10,0,1
Kaltbrunn,3313,23,7,1,49,5,13
Kammersrohr,2549,0,0,0,0,0,0
Kandergrund,564,0,1,0,2,0,1
Kandersteg,565,4,3,1,11,1,2
Kappel (SO),2580,9,5,3,31,1,13
Kappel am Albis,6,4,3,0,9,2,0
Kappelen,305,6,0,2,16,2,6
Kaufdorf,869,5,0,0,5,0,0
Kehrsatz,870,16,11,3,59,8,21
Kemmental,4666,2,4,0,11,0,5
Kernenried,411,2,2,0,5,0,1
Kerns,1404,23,13,3,67,8,20
Kerzers,2265,16,12,0,48,3,17
Kesswil,4426,3,3,0,6,0,0
Kestenholz,2403,9,4,1,16,0,2
Kienberg,2492,2,0,0,3,0,1
Kiesen,611,5,2,1,9,1,0
Kilchberg (BL),2851,1,1,0,2,0,0
Kilchberg (ZH),135,35,35,11,90,2,7
Killwangen,4030,10,1,0,14,1,2
Kippel,6197,4,0,0,5,0,1
Kirchberg (BE),412,16,10,3,40,0,11
Kirchberg (SG),3392,36,17,1,102,8,40
Kirchdorf (BE),872,2,0,0,2,0,0
Kirchenthurnen,873,2,0,0,3,0,1
Kirchleerau,4275,2,0,0,5,0,3
Kirchlindach,354,17,10,1,32,2,2
Kleinandelfingen,33,9,6,4,22,1,2
Kleinbösingen,2266,1,1,0,2,0,0
Kleinlützel,2619,3,4,0,10,0,3
Klingnau,4309,10,5,3,28,2,8
Klosters-Serneus,3871,15,7,1,31,1,7
Kloten,62,59,52,6,198,20,61
Knonau,7,7,13,0,23,2,1
Knutwil,1089,11,4,1,23,0,7
Koblenz,4310,1,0,0,7,2,4
Konolfingen,612,24,9,2,54,10,9
Koppigen,413,5,4,1,16,1,5
Kradolf-Schönenberg,4501,9,7,0,33,6,11
Krattigen,566,2,4,0,7,0,1
Krauchthal,414,16,3,1,26,1,5
Kreuzlingen,4671,53,41,14,194,20,66
Kriechenwil,666,4,0,0,4,0,0
Kriegstetten,2525,6,4,2,13,1,0
Kriens,1059,106,60,12,269,25,66
Kyburg,175,2,2,1,5,0,0
Känerkinden,2850,0,1,0,2,0,1
Kölliken,4276,14,9,0,44,9,12
Köniz,355,175,122,32,447,20,98
Küblis,3882,5,7,0,18,1,5
Künten,4031,6,1,1,18,2,8
Küsnacht (ZH),154,41,61,18,129,4,5
Küssnacht (SZ),1331,61,30,8,133,3,31
Küttigen,4008,18,16,3,53,5,11
L'Abbaye,5871,6,4,0,16,2,4
L'Abergement,5741,0,0,0,2,1,1
L'Isle,5486,8,2,0,15,0,5
La Baroche,6810,4,0,1,9,2,2
La Brillaz,2234,2,2,2,13,3,4
La Brévine,6432,3,1,0,8,0,4
La Chaux (Cossonay),5474,5,1,0,9,0,3
La Chaux-de-Fonds,6421,117,73,16,376,52,118
La Chaux-des-Breuleux,6744,0,1,0,1,0,0
La Chaux-du-Milieu,6435,1,1,0,6,1,3
La Côte-aux-Fées,6504,4,0,0,6,1,1
La Ferrière,435,1,0,1,6,1,3
La Folliaz,2116,3,4,0,11,1,3
La Neuveville,723,9,3,2,26,5,7
La Praz,5758,1,0,0,1,0,0
La Punt-Chamues-ch,3785,5,0,0,7,2,0
La Rippe,5726,1,1,1,5,0,2
La Roche,2149,7,3,2,20,1,7
La Sagne,6423,5,0,2,7,0,0
La Sarraz,5498,7,5,4,23,1,6
La Sonnaz,2235,5,1,1,11,1,3
La Tour-de-Peilz,5889,35,20,10,102,12,25
La Tène,6461,11,8,2,30,2,7
La Verrerie,2338,7,2,1,12,1,1
Laax,3575,8,5,0,16,1,2
Lachen,1344,33,33,8,98,3,21
Laconnex,6627,1,1,0,3,0,1
Lajoux (JU),6750,4,1,0,9,3,1
Lalden,6286,2,1,0,6,0,3
Lamone,5189,6,4,2,14,0,2
Lampenberg,2887,2,1,0,3,0,0
Lancy,6628,135,83,35,348,32,63
Landiswil,613,3,1,0,8,0,4
Landquart,3955,36,15,5,95,11,28
Langenbruck,2888,1,0,0,2,0,1
Langendorf,2550,10,7,6,28,1,4
Langenthal,329,58,32,10,145,11,34
Langnau am Albis,136,27,20,2,69,8,12
Langnau im Emmental,902,32,20,0,71,6,13
Langrickenbach,4681,6,3,0,12,1,2
Lantsch/Lenz,3513,0,0,0,1,0,1
Lauenen,842,3,0,0,6,0,3
Lauerz,1365,5,4,0,13,0,4
Laufen,2787,13,18,8,49,2,8
Laufen-Uhwiesen,34,4,3,1,11,1,2
Laufenburg,4170,9,3,4,38,10,12
Laupen,667,5,3,0,13,1,4
Laupersdorf,2426,6,1,0,13,2,4
Lauperswil,903,6,2,1,13,0,4
Lausanne,5586,614,448,121,1693,148,362
Lausen,2828,15,10,1,43,2,15
Lauterbrunnen,584,5,6,0,14,2,1
Lauwil,2889,1,0,1,3,0,1
Lavertezzo,5112,1,0,0,1,0,0
Lavey-Morcles,5406,3,0,0,6,2,1
Lavigny,5637,2,4,2,10,1,1
Lavizzara,5323,1,0,0,1,0,0
Lax,6061,1,0,1,3,0,1
Le Bémont (JU),6741,1,0,0,2,1,0
Le Cerneux-Péquignot,6434,1,1,0,5,0,3
Le Chenit,5872,14,7,1,44,4,18
Le Châtelard,2067,3,1,0,4,0,0
Le Flon,2337,9,3,0,14,0,2
Le Glèbe,2223,9,2,0,18,0,7
Le Grand-Saconnex,6623,42,28,13,118,7,28
Le Landeron,6455,13,7,3,37,3,11
Le Lieu,5873,0,0,0,0,0,0
Le Locle,6436,23,18,4,94,17,32
Le Mont-sur-Lausanne,5587,37,29,2,83,2,13
Le Mouret,2220,7,7,2,26,2,8
Le Noirmont,6754,10,2,1,17,0,4
Le Pâquier (FR),2145,6,1,0,10,0,3
Le Vaud,5731,4,1,2,9,0,2
Leggia,3833,0,1,0,1,0,0
Leibstadt,4311,5,3,0,15,1,6
Leimbach (AG),4137,2,2,0,5,1,0
Leissigen,585,2,4,3,12,0,3
Lengnau (AG),4312,13,9,2,28,2,2
Lengnau (BE),387,9,14,0,42,2,17
Lengwil,4683,5,1,1,10,1,2
Lenk,792,8,5,0,19,1,5
Lens,6240,12,6,0,28,2,8
Lenzburg,4201,39,24,6,99,10,20
Les Agettes,6081,1,0,0,2,0,1
Les Bois,6742,2,2,2,10,1,3
Les Brenets,6431,3,1,2,9,0,3
Les Breuleux,6743,9,0,0,13,0,4
Les Clées,5750,2,0,0,4,0,2
Les Enfers,6745,0,0,0,0,0,0
Les Genevez (JU),6748,0,2,1,4,0,1
Les Montets,2050,8,4,1,19,0,6
Les Planchettes,6422,1,0,0,2,0,1
Les Ponts-de-Martel,6437,4,1,0,16,2,9
Les Verrières,6511,3,2,1,8,0,2
Leuggern,4313,8,5,0,21,5,3
Leuk,6110,12,6,1,29,3,7
Leukerbad,6111,2,1,0,6,1,2
Leutwil,4138,3,1,0,4,0,0
Leuzigen,388,3,5,1,10,0,1
Leysin,5407,10,9,2,29,1,7
Leytron,6135,15,9,2,39,0,13
Lichtensteig,3374,8,9,0,24,2,5
Liddes,6033,0,0,0,3,0,3
Liedertswil,2890,2,0,0,2,0,0
Liesberg,2788,3,3,0,9,2,1
Liestal,2829,45,26,5,131,14,41
Ligerz,740,4,0,0,4,0,0
Lignerolle,5755,1,0,0,2,0,1
Lignières,6456,7,0,2,15,1,5
Lindau,176,28,17,5,58,1,7
Linden,614,4,1,0,6,0,1
Linescio,5315,0,0,0,0,0,0
Locarno,5113,35,29,13,113,10,26
Lodrino,5285,7,2,2,16,0,5
Lohn (GR),3707,0,0,0,0,0,0
Lohn (SH),2917,5,3,0,10,0,2
Lohn-Ammannsegg,2526,13,2,0,19,0,4
Lohnstorf,874,0,2,0,2,0,0
Lommis,4741,4,2,0,8,0,2
Lommiswil,2551,9,2,2,18,3,2
Lonay,5638,12,5,0,22,1,4
Longirod,5429,1,1,1,3,0,0
Losone,5115,22,8,5,51,1,15
Lostallo,3821,1,1,0,4,1,1
Lostorf,2493,11,7,6,29,2,3
Lotzwil,331,9,8,0,22,1,4
Lovatens,5674,0,1,0,1,0,0
Loveresse,696,3,1,0,6,0,2
Lucens,5675,13,7,3,45,9,13
Lufingen,63,1,4,1,9,2,1
Lugano,5192,185,141,68,534,34,106
Lugnez,6793,1,1,0,2,0,0
Luins,5858,2,4,1,10,1,2
Lully (FR),2025,8,0,1,13,0,4
Lully (VD),5639,1,3,0,5,1,0
Lumino,5010,5,4,3,14,0,2
Lumnezia,3618,5,1,1,8,0,1
Lungern,1405,5,4,0,17,1,7
Lupfig,4104,8,4,1,20,1,6
Lupsingen,2830,3,2,0,9,1,3
Lurtigen,2270,0,0,0,1,0,1
Lussery-Villars,5487,4,1,0,8,1,2
Lussy-sur-Morges,5640,2,3,1,6,0,0
Luterbach,2527,12,3,1,24,1,7
Luthern,1135,7,4,0,16,0,5
Lutry,5606,36,24,12,79,1,6
Lutzenberg,3033,7,3,1,16,1,4
Luzein,3891,5,0,2,10,0,3
Luzern,1061,329,231,51,854,61,182
Lyss,306,50,26,4,138,15,43
Lyssach,415,10,2,0,15,1,2
Läufelfingen,2852,3,6,0,12,0,3
Léchelles,2024,1,1,0,6,0,4
Löhningen,2903,7,2,1,11,0,1
Lüscherz,497,1,1,0,3,0,1
Lüsslingen-Nennigkofen,2464,1,6,0,10,1,2
Lüterkofen-Ichertswil,2455,2,2,0,5,0,1
Lüterswil-Gächliwil,2456,1,0,0,1,0,0
Lütisburg,3393,8,6,2,19,1,2
Lütschental,586,0,0,0,1,0,1
Lützelflüh,955,14,13,3,45,3,12
Madiswil,332,15,7,0,35,3,10
Madulain,3783,2,1,0,4,0,1
Magden,4253,14,14,3,33,0,2
Maggia,5317,7,8,0,24,1,8
Magliaso,5193,2,1,0,5,1,1
Maienfeld,3953,18,5,3,35,0,9
Maisprach,2853,3,2,0,7,1,1
Maladers,3926,3,2,0,7,1,1
Malans,3954,12,6,2,27,3,4
Malters,1062,20,16,2,66,8,20
Mammern,4826,2,1,2,6,0,1
Mandach,4105,1,1,0,3,0,1
Manno,5194,7,5,2,14,0,0
Maracon,5790,1,1,0,3,1,0
Marbach (SG),3253,10,3,0,21,0,8
Marchissy,5430,2,1,0,4,0,1
Marly,2206,23,13,5,77,11,25
Marmorera,3533,0,0,0,0,0,0
Maroggia,5195,2,1,1,6,1,1
Marsens,2140,8,4,1,17,3,1
Marthalen,35,5,7,1,23,1,9
Martigny,6136,75,33,9,228,33,78
Martigny-Combe,6137,13,3,0,24,0,8
Maschwanden,8,5,4,1,11,0,1
Masein,3663,3,1,1,6,0,1
Massagno,5196,18,15,3,56,4,16
Massongex,6215,7,5,0,25,3,10
Massonnens,2086,2,1,0,6,0,3
Mathod,5919,3,0,0,7,0,4
Mathon,3708,0,0,0,0,0,0
Matran,2208,7,5,0,14,0,2
Matten bei Interlaken,587,14,5,2,33,4,8
Mattstetten,543,1,1,0,3,1,0
Matzendorf,2427,1,4,0,7,0,2
Matzingen,4591,9,2,0,19,1,7
Mauborget,5562,1,0,0,2,0,1
Mauensee,1091,6,2,1,10,1,0
Maur,195,37,35,7,93,2,12
Mauraz,5488,0,0,0,0,0,0
Medel (Lucmagn),3983,0,0,1,1,0,0
Meggen,1063,15,25,5,57,4,8
Meienried,389,1,0,0,1,0,0
Meierskappel,1064,5,7,0,15,0,3
Meikirch,307,8,6,2,22,1,5
Meilen,156,45,50,20,130,3,12
Meinier,6629,11,10,2,25,1,1
Meinisberg,390,4,4,0,9,0,1
Meiringen,785,15,7,1,34,2,9
Meisterschwanden,4202,5,7,1,20,2,5
Melano,5197,6,4,0,14,1,3
Melchnau,333,4,3,1,14,2,4
Melide,5198,7,3,1,19,2,6
Mellikon,4314,2,0,0,2,0,0
Mellingen,4033,24,12,0,53,5,12
Mels,3293,48,18,3,97,6,22
Meltingen,2620,2,2,0,5,0,1
Mendrisio,5254,37,37,11,114,6,23
Menziken,4139,16,6,1,50,9,18
Menzingen,1704,15,11,2,47,2,17
Menznau,1136,13,4,2,23,0,4
Merenschwand,4234,19,8,1,44,6,10
Mergoscia,5117,0,1,0,1,0,0
Merishausen,2936,6,2,0,9,0,1
Mervelier,6715,0,1,0,3,0,2
Merzligen,741,4,0,0,4,0,0
Mesocco,3822,1,1,0,8,1,5
Messen,2457,3,5,2,14,0,4
Mettauertal,4184,11,1,0,18,1,5
Mettembert,6716,0,0,0,0,0,0
Mettmenstetten,9,16,9,5,42,2,10
Metzerlen-Mariastein,2477,1,0,0,1,0,0
Mex (VD),5489,7,1,1,9,0,0
Meyriez,2271,2,0,0,2,0,0
Meyrin,6630,97,49,11,255,35,63
Mezzovico-Vira,5199,8,6,2,18,2,0
Mies,5723,1,6,1,10,0,2
Miglieglia,5200,0,1,0,2,0,1
Milvignes,6416,23,23,11,91,9,25
Minusio,5118,19,6,5,42,3,9
Mirchel,615,3,1,0,5,0,1
Misery-Courtion,2272,8,3,2,15,1,1
Missy,5821,2,1,0,3,0,0
Miège,6241,5,1,0,15,4,5
Moiry,5490,0,2,0,3,0,1
Moleno,5012,1,0,0,1,0,0
Mollens (VD),5431,1,0,0,1,0,0
Mollens (VS),6242,6,2,0,9,0,1
Molondin,5921,1,0,1,2,0,0
Mont-Noble,6090,3,3,0,7,1,0
Mont-Tramelan,437,1,0,1,3,0,1
Mont-la-Ville,5491,1,1,0,2,0,0
Mont-sur-Rolle,5859,10,6,0,22,2,4
Montagny (FR),2029,13,3,0,28,3,9
Montagny-près-Yverdon,5922,2,1,0,3,0,0
Montalchez,6411,3,0,0,4,0,1
Montana,6243,6,7,2,23,3,5
Montanaire,5693,8,9,1,29,4,7
Montcherand,5756,2,0,0,4,0,2
Monte Carasso,5013,12,3,1,34,6,12
Monteceneri,5238,18,8,4,46,3,13
Monteggio,5202,2,0,0,2,0,0
Montet (Glâne),2089,1,4,1,7,0,1
Montfaucon,6751,3,2,0,6,0,1
Montherod,5432,4,1,0,7,1,1
Monthey,6153,59,23,7,167,17,61
Montilliez,5540,6,5,1,16,1,3
Montpreveyres,5792,2,1,0,5,0,2
Montreux,5886,69,49,19,215,18,60
Montricher,5492,7,4,0,14,1,2
Moosleerau,4277,5,1,0,12,2,4
Moosseedorf,544,11,10,0,41,5,15
Morbio Inferiore,5257,12,14,1,39,3,9
Morcote,5203,0,0,0,1,0,1
Morens (FR),2033,1,0,0,1,0,0
Morges,5642,69,32,13,171,12,45
Morlon,2143,1,0,1,3,0,1
Morrens (VD),5527,3,4,2,12,0,3
Morschach,1366,3,3,0,11,1,4
Mosnang,3394,14,5,0,36,4,13
Mosogno,5119,0,0,0,0,0,0
Moudon,5678,23,10,1,70,18,18
Moutier,700,26,13,2,76,9,26
Movelier,6718,0,0,0,2,0,2
Muhen,4009,18,10,0,41,3,10
Mulegns,3534,0,0,1,1,0,0
Mumpf,4255,6,0,0,9,1,2
Mundaun,3617,2,1,0,3,0,0
Muntelier,2274,1,5,1,7,0,0
Muolen,3202,8,3,1,13,0,1
Muotathal,1367,20,6,2,47,7,12
Muralto,5120,11,5,0,20,1,3
Murgenthal,4279,14,5,1,32,6,6
Muri (AG),4236,28,12,4,71,5,22
Muri bei Bern,356,34,43,14,110,4,15
Muriaux,6753,0,0,0,1,1,0
Murist,2034,4,1,0,11,1,5
Murten,2275,31,10,4,63,6,12
Mutrux,5563,0,0,0,0,0,0
Mutten,3503,0,0,0,1,0,1
Muttenz,2770,48,30,6,133,7,42
Muzzano,5205,3,2,0,7,1,1
Mägenwil,4032,6,4,1,19,2,6
Männedorf,155,29,35,10,90,3,13
Märstetten,4941,11,3,2,22,2,4
Ménières,2027,1,0,0,3,1,1
Mézières (FR),2087,1,4,0,9,1,3
Mézières (VD),5791,3,3,1,9,0,2
Möhlin,4254,31,23,3,96,9,30
Mönchaltorf,196,14,7,1,35,2,11
Mönthal,4106,2,2,0,5,0,1
Mörel-Filet,6203,2,2,1,10,1,4
Mörigen,742,0,0,1,1,0,0
Möriken-Wildegg,4203,17,5,2,34,1,9
Mörschwil,3214,11,6,6,35,1,11
Mötschwil,416,0,0,0,0,0,0
Mühlau,4235,4,2,1,8,1,0
Mühleberg,668,15,7,1,29,0,6
Mühledorf (BE),875,5,1,0,6,0,0
Mühlethurnen,876,4,6,3,13,0,0
Müllheim,4831,19,4,0,28,2,3
Mülligen,4107,6,2,0,9,0,1
Mümliswil-Ramiswil,2428,5,4,0,17,1,7
Münchenbuchsee,546,41,14,2,94,9,28
Münchenstein,2769,35,22,6,95,13,19
Münchenwiler,669,1,2,0,7,0,4
Münchwilen (AG),4172,2,1,1,7,1,2
Münchwilen (TG),4746,23,9,1,49,6,10
Münsingen,616,44,24,5,103,9,21
Münster-Geschinen,6074,0,1,0,2,1,0
Münsterlingen,4691,9,5,0,23,3,6
Müntschemier,498,2,4,0,13,1,6
Naters,6007,51,16,4,103,11,21
Nebikon,1137,14,6,0,30,1,9
Neckertal,3378,14,9,3,41,4,11
Neerach,88,10,8,3,25,1,3
Neftenbach,223,24,14,2,51,3,8
Neggio,5206,0,2,0,2,0,0
Nendaz,6024,17,10,3,58,5,23
Nenzlingen,2789,0,0,0,0,0,0
Nesslau,3360,7,1,1,24,5,10
Neuchâtel,6458,161,86,30,392,25,90
Neuendorf,2404,5,3,1,14,1,4
Neuenegg,670,16,7,1,39,2,13
Neuenhof,4034,37,19,0,100,17,27
Neuenkirch,1093,35,14,1,65,2,13
Neuhausen am Rheinfall,2937,37,16,2,113,19,39
Neuheim,1705,4,5,0,11,0,2
Neunforn,4601,2,1,0,4,1,0
Neunkirch,2904,7,1,2,17,0,7
Neyruz (FR),2211,11,5,5,28,1,6
Nidau,743,27,16,3,71,6,19
Niederbipp,981,19,6,3,49,6,15
Niederbuchsiten,2405,3,3,0,7,0,1
Niederbüren,3422,10,2,1,18,2,3
Niederdorf,2891,4,2,1,11,1,3
Niedergesteln,6198,2,0,3,6,0,1
Niederglatt,89,20,10,3,49,3,13
Niedergösgen,2495,16,7,0,37,5,9
Niederhasli,90,36,23,9,108,9,31
Niederhelfenschwil,3423,16,9,0,34,1,8
Niederhünigen,617,7,1,0,10,1,1
Niederlenz,4204,16,6,0,39,2,15
Niedermuhlern,877,5,2,0,7,0,0
Niederried bei Interlaken,588,2,0,0,2,0,0
Niederrohrdorf,4035,19,18,3,47,0,7
Niederwald,6064,0,0,0,0,0,0
Niederweningen,91,7,12,2,26,0,5
Niederwil (AG),4072,9,4,0,18,0,5
Niederönz,982,6,1,1,14,1,5
Niederösch,417,3,1,0,6,0,2
Nods,724,2,2,1,5,0,0
Noflen,878,2,1,0,3,0,0
Noréaz,2213,4,0,0,5,0,1
Nottwil,1094,14,10,2,28,1,1
Novaggio,5207,3,2,0,6,0,1
Novalles,5564,0,0,0,0,0,0
Novazzano,5260,3,6,3,14,0,2
Noville,5408,2,1,1,4,0,0
Nufenen,3693,2,0,0,4,0,2
Nuglar-St. Pantaleon,2478,1,2,1,7,0,3
Nunningen,2621,8,5,0,15,1,1
Nusshof,2854,0,2,0,2,0,0
Nuvilly,2035,0,2,1,3,0,0
Nyon,5724,104,70,27,271,11,59
Nürensdorf,64,13,16,4,45,4,8
Oberbalm,357,5,3,2,16,0,6
Oberbipp,983,8,5,0,16,1,2
Oberbuchsiten,2406,5,4,1,15,2,3
Oberburg,418,7,7,0,34,6,14
Oberbüren,3424,19,13,5,55,3,15
Oberdiessbach,619,15,7,1,28,0,5
Oberdorf (BL),2892,3,5,1,16,6,1
Oberdorf (NW),1508,14,5,4,27,1,3
Oberdorf (SO),2553,1,4,0,8,0,3
Oberegg,3111,7,4,0,20,0,9
Oberembrach,65,7,2,0,14,0,5
Oberems,6112,0,0,0,0,0,0
Oberengstringen,245,17,22,4,63,5,15
Oberentfelden,4010,24,8,4,72,7,29
Obergerlafingen,2528,3,3,1,13,1,5
Oberglatt,92,27,15,3,80,11,24
Obergoms,6076,1,1,0,3,1,0
Obergösgen,2497,1,6,0,20,2,11
Oberhallau,2972,3,3,0,6,0,0
Oberhelfenschwil,3375,6,1,0,14,2,5
Oberhof,4173,2,1,0,3,0,0
Oberhofen am Thunersee,934,10,2,2,18,2,2
Oberhünigen,629,1,1,0,2,0,0
Oberiberg,1368,3,1,2,9,1,2
Oberkirch,1095,15,14,4,46,2,11
Oberkulm,4140,12,6,0,29,1,10
Oberlangenegg,935,2,0,2,5,0,1
Oberlunkhofen,4073,8,2,2,14,1,1
Obermumpf,4256,4,2,0,10,2,2
Oberried am Brienzersee,589,1,1,1,5,1,1
Oberrieden,137,20,14,1,47,3,9
Oberriet (SG),3254,40,17,4,88,2,25
Oberrohrdorf,4037,16,8,2,31,0,5
Oberrüti,4237,7,3,1,18,1,6
Obersaxen,3612,3,0,0,7,1,3
Oberschrot,2298,5,1,1,8,0,1
Obersiggenthal,4038,27,26,8,89,8,20
Oberstammheim,36,3,1,2,6,0,0
Obersteckholz,334,0,0,1,3,1,1
Oberthal,620,3,2,0,5,0,0
Oberuzwil,3407,25,12,6,74,6,25
Oberweningen,93,2,5,0,10,1,2
Oberwil (BL),2771,35,27,7,88,3,16
Oberwil bei Büren,391,1,1,1,5,0,2
Oberwil im Simmental,766,0,3,0,6,0,3
Oberwil-Lieli,4074,10,7,3,23,0,3
Oberägeri,1706,24,28,6,73,5,10
Oberösch,419,1,0,0,1,0,0
Obfelden,10,13,13,3,42,5,8
Ochlenberg,985,4,5,0,13,0,4
Oekingen,2529,1,0,0,1,0,0
Oensingen,2407,23,11,3,69,6,26
Oeschenbach,335,1,0,0,1,0,0
Oeschgen,4175,6,2,0,10,1,1
Oetwil am See,157,17,6,2,39,6,8
Oetwil an der Limmat,246,7,3,3,17,1,3
Oftringen,4280,50,17,10,155,19,59
Ogens,5680,0,1,0,2,0,1
Ollon,5409,8,14,2,43,4,15
Olsberg,4257,1,0,0,1,0,0
Olten,2581,63,23,13,165,22,44
Oltingen,2855,1,1,1,4,0,1
Onex,6631,68,45,16,204,21,54
Onnens (VD),5565,4,3,1,10,0,2
Onsernone,5136,1,0,0,1,0,0
Opfikon,66,90,48,8,238,27,65
Oppens,5923,0,2,0,2,0,0
Oppligen,622,0,2,0,2,0,0
Orbe,5757,28,13,4,79,11,23
Orges,5924,3,2,1,6,0,0
Origlio,5208,2,2,1,5,0,0
Ormalingen,2856,4,6,0,13,0,3
Ormont-Dessous,5410,1,6,2,12,3,0
Ormont-Dessus,5411,4,5,0,13,2,2
Orny,5493,2,2,0,5,0,1
Oron,5805,11,6,1,47,10,19
Orpund,744,6,4,0,15,2,3
Orselina,5121,0,0,0,1,0,1
Orsières,6034,12,4,0,29,2,11
Orvin,438,6,1,0,9,0,2
Orzens,5925,1,0,0,1,0,0
Osogna,5286,1,5,1,9,0,2
Ossingen,37,3,5,1,14,2,3
Ostermundigen,363,48,34,10,161,18,51
Otelfingen,94,15,7,1,30,1,6
Othmarsingen,4205,5,5,1,21,2,8
Ottenbach,11,16,5,0,24,0,3
Oulens-sous-Echallens,5529,1,0,0,1,0,0
Pailly,5530,1,3,0,4,0,0
Pampigny,5494,1,2,0,5,0,2
Paradiso,5210,11,10,3,34,4,6
Paudex,5588,4,4,2,14,0,4
Payerne,5822,34,19,2,118,20,43
Penthalaz,5495,17,16,2,52,2,15
Penthaz,5496,5,5,2,21,2,7
Penthéréaz,5531,2,1,0,3,0,0
Perly-Certoux,6632,10,6,1,25,1,7
Perrefitte,701,3,1,1,5,0,0
Perroy,5860,3,3,3,13,0,4
Personico,5076,0,0,0,1,0,1
Peseux,6412,15,12,5,62,8,22
Petit-Val,716,2,1,0,3,0,0
Pfaffnau,1139,6,2,1,18,2,7
Pfeffingen,2772,9,4,1,15,0,1
Pfungen,224,17,10,0,51,3,21
Pfyn,4841,6,2,3,12,0,1
Pfäfers,3294,3,4,0,12,1,4
Pfäffikon,177,38,28,6,104,4,28
Pianezzo,5014,2,3,0,5,0,0
Pierrafortscha,2216,0,0,0,1,0,1
Pieterlen,392,14,9,1,47,15,8
Plaffeien,2299,1,3,2,11,0,5
Plan-les-Ouates,6633,36,30,10,93,5,12
Plasselb,2300,10,2,0,12,0,0
Plateau de Diesse,726,8,3,0,20,1,8
Pleigne,6719,2,0,0,3,0,1
Pohlern,936,2,0,0,2,0,0
Poliez-Pittet,5533,5,1,0,10,0,4
Pollegio,5077,0,1,0,4,1,2
Pompaples,5497,5,2,0,9,0,2
Pomy,5926,3,0,0,5,0,2
Pont-en-Ogoz,2122,5,3,0,13,1,4
Pont-la-Ville,2147,4,1,0,5,0,0
Ponte Capriasca,5212,7,4,4,15,0,0
Ponte Tresa,5213,1,1,0,4,0,2
Ponthaux,2217,1,2,0,5,1,1
Pontresina,3784,6,6,1,18,1,4
Porrentruy,6800,20,14,2,66,5,25
Port,745,8,8,2,28,1,9
Port-Valais,6154,7,3,4,29,5,10
Porza,5214,8,7,0,17,1,1
Poschiavo,3561,15,8,2,42,3,14
Prangins,5725,13,16,6,45,4,6
Prato (Leventina),5078,0,1,0,1,0,0
Pratteln,2831,57,25,6,154,18,48
Pregny-Chambésy,6634,7,8,5,22,0,2
Premier,5759,1,0,0,1,0,0
Preonzo,5015,2,1,0,4,0,1
Presinge,6635,2,4,0,10,1,3
Prez-vers-Noréaz,2221,2,2,2,10,1,3
Prilly,5589,57,31,9,157,20,40
Provence,5566,2,0,0,4,1,1
Préverenges,5643,29,17,6,68,3,13
Prévondavaux,2038,0,0,0,1,1,0
Prévonloup,5683,0,0,0,0,0,0
Puidoux,5607,15,10,2,36,3,6
Pully,5590,79,68,13,186,2,24
Puplinge,6636,5,10,3,23,2,3
Pura,5216,3,5,2,13,0,3
Péry-La Heutte,450,3,3,1,15,4,4
Quarten,3295,9,4,1,23,3,6
Quinto,5079,3,2,1,8,1,1
Radelfingen,309,5,2,0,10,0,3
Rafz,67,18,10,4,44,1,11
Rain,1037,15,8,0,32,0,9
Ramlinsburg,2832,0,0,1,2,0,1
Ramsen,2963,2,5,0,11,0,4
Rances,5760,1,4,0,7,0,2
Randa,6287,0,0,0,1,1,0
Randogne,6244,5,4,0,17,1,7
Raperswilen,4846,1,0,0,3,0,2
Rapperswil (BE),310,9,7,1,23,0,6
Rapperswil-Jona,3340,102,70,13,250,14,51
Raron,6199,6,3,0,12,0,3
Realp,1212,1,0,0,2,0,1
Rebeuvelier,6720,1,0,2,5,0,2
Rebstein,3255,13,9,1,46,12,11
Rebévelier,715,0,0,0,0,0,0
Recherswil,2530,11,2,1,16,0,2
Rechthalten,2301,2,1,0,7,0,4
Reckingen-Gluringen,6075,3,0,0,4,0,1
Reconvilier,703,9,6,2,36,5,14
Regensberg,95,2,3,0,5,0,0
Regensdorf,96,59,42,18,194,20,55
Rehetobel,3034,9,3,0,17,1,4
Reichenbach im Kandertal,567,17,11,3,45,2,12
Reichenburg,1345,16,6,2,44,3,17
Reiden,1140,28,11,2,65,5,19
Reigoldswil,2893,4,1,4,16,1,6
Reinach (AG),4141,24,11,0,76,21,20
Reinach (BL),2773,39,37,5,120,9,30
Reisiswil,336,1,0,0,1,0,0
Reitnau,4281,8,2,0,14,0,4
Rekingen (AG),4315,2,0,1,6,1,2
Remaufens,2333,3,4,0,8,0,1
Remetschwil,4039,3,3,0,7,0,1
Remigen,4110,3,0,0,5,0,2
Renan (BE),441,3,0,2,9,0,4
Renens (VD),5591,75,54,16,256,35,76
Rennaz,5412,5,2,0,12,0,5
Reute (AR),3035,1,3,0,4,0,0
Reutigen,767,5,1,2,12,2,2
Reverolle,5644,2,0,0,3,0,1
Rheinau,38,5,2,0,8,0,1
Rheineck,3235,7,5,0,24,8,4
Rheinfelden,4258,53,27,12,146,15,39
Rhäzüns,3723,4,1,0,9,2,2
Riaz,2148,11,4,0,27,1,11
Richterswil,138,51,40,11,139,9,28
Rickenbach (BL),2857,1,2,0,5,0,2
Rickenbach (LU),1097,20,6,1,41,5,9
Rickenbach (SO),2582,2,4,1,8,0,1
Rickenbach (TG),4751,9,4,0,28,6,9
Rickenbach (ZH),225,10,4,2,30,0,14
Riddes,6139,11,9,1,30,3,6
Ried bei Kerzers,2276,2,2,0,4,0,0
Ried-Brig,6008,9,5,0,19,2,3
Riederalp,6181,1,0,0,3,0,2
Riedholz,2554,7,4,2,19,1,5
Riehen,2703,44,42,12,135,10,27
Riemenstalden,1369,0,0,0,0,0,0
Rietheim,4316,2,0,0,4,1,1
Rifferswil,12,2,6,0,8,0,0
Riggisberg,879,8,4,0,18,1,5
Ringgenberg (BE),590,10,4,0,20,1,5
Riniken,4111,6,1,0,10,1,2
Riom-Parsonz,3536,0,1,0,1,0,0
Risch,1707,47,41,7,125,8,22
Riva San Vitale,5263,13,4,2,26,2,5
Rivaz,5609,3,0,1,4,0,0
Roche (VD),5413,2,6,1,20,4,7
Rochefort,6413,5,3,0,10,1,1
Roches (BE),704,0,0,0,0,0,0
Rocourt,6803,2,1,0,3,0,0
Rodersdorf,2479,1,5,0,7,0,1
Roggenburg,2790,0,1,0,2,0,1
Roggliswil,1142,3,1,0,4,0,0
Roggwil (BE),337,10,7,4,37,1,15
Roggwil (TG),4431,12,5,3,27,0,7
Rohr (SO),2498,1,0,0,2,1,0
Rohrbach,338,8,1,1,12,0,2
Rohrbachgraben,339,1,1,0,4,0,2
Rolle,5861,32,29,7,85,5,12
Romainmôtier-Envy,5761,1,4,0,7,0,2
Romanel-sur-Lausanne,5592,8,8,2,35,4,13
Romanel-sur-Morges,5645,1,2,1,5,0,1
Romanshorn,4436,40,22,2,112,18,30
Romont (BE),442,1,2,0,3,0,0
Romont (FR),2096,13,10,3,51,11,14
Romoos,1007,8,1,0,10,1,0
Ronco sopra Ascona,5125,2,3,0,5,0,0
Rongellen,3711,0,1,0,1,0,0
Root,1065,19,8,2,50,3,18
Ropraz,5798,0,0,0,3,0,3
Rorbas,68,9,6,3,28,3,7
Rorschach,3215,31,16,3,100,20,30
Rorschacherberg,3216,19,10,3,58,7,19
Rossa,3808,0,0,0,0,0,0
Rossemaison,6721,1,1,0,6,0,4
Rossenges,5684,0,0,0,1,0,1
Rossens (FR),2222,5,0,0,9,0,4
Rossinière,5842,1,1,2,7,2,1
Rothenbrunnen,3637,1,1,0,2,0,0
Rothenburg,1040,25,16,3,61,1,16
Rothenfluh,2858,4,3,0,10,1,2
Rothenthurm,1370,14,3,0,29,0,12
Rothrist,4282,38,20,3,98,9,28
Rottenschwil,4238,1,1,0,3,0,1
Rougemont,5843,2,0,0,6,1,3
Roveredo (GR),3834,7,6,2,22,1,6
Rovio,5219,1,4,1,8,0,2
Rovray,5928,2,0,0,3,0,1
Rubigen,623,14,13,4,37,1,5
Rudolfstetten-Friedlisberg,4075,18,12,7,52,3,12
Rue,2097,10,2,1,20,2,5
Rueyres,5534,3,0,0,4,1,0
Rueyres-les-Prés,2039,2,0,0,3,0,1
Rumendingen,421,0,0,0,2,0,2
Rumisberg,987,1,2,0,5,0,2
Rupperswil,4206,31,16,1,67,6,13
Russikon,178,12,7,4,30,3,4
Russin,6637,2,0,0,2,0,0
Russy,2040,3,2,0,6,0,1
Ruswil,1098,41,16,2,71,2,10
Römerswil,1039,10,10,0,24,1,3
Röschenz,2791,3,1,1,13,2,6
Röthenbach im Emmental,904,0,4,0,11,3,4
Rüderswil,905,10,3,1,31,3,14
Rüdlingen,2938,0,1,0,2,0,1
Rüdtligen-Alchenflüh,420,11,2,0,31,2,16
Rüeggisberg,880,3,1,0,9,0,5
Rüegsau,956,12,7,0,27,1,7
Rüfenach,4112,4,0,1,7,1,1
Rümikon,4317,1,1,0,3,0,1
Rümlang,97,24,13,1,80,16,26
Rümligen,881,1,1,0,2,0,0
Rümlingen,2859,3,0,0,7,2,2
Rünenberg,2860,2,2,0,4,0,0
Rüschegg,853,3,2,1,13,0,7
Rüschlikon,139,17,27,9,57,2,2
Rüte,3103,2,0,0,2,0,0
Rüthi (SG),3256,7,4,3,21,1,6
Rüti (ZH),118,37,23,12,143,14,57
Rüti bei Büren,393,0,1,0,3,1,1
Rüti bei Lyssach,422,0,0,0,0,0,0
Rütschelen,340,2,0,0,6,1,3
Rüttenen,2555,6,3,0,9,0,0
S-chanf,3788,3,2,1,9,0,3
Saanen,843,19,15,4,54,5,11
Saas,3883,4,1,0,6,0,1
Saas-Almagell,6288,1,1,0,4,1,1
Saas-Balen,6289,1,0,0,3,0,2
Saas-Fee,6290,7,3,1,14,1,2
Saas-Grund,6291,4,2,0,7,1,0
Sachseln,1406,24,16,3,57,1,13
Safenwil,4283,16,7,1,39,6,9
Safiental,3672,2,1,0,6,0,3
Safnern,746,4,7,2,19,2,4
Sagogn,3581,2,2,0,4,0,0
Saicourt,706,3,1,1,8,0,3
Saignelégier,6757,7,0,0,16,3,6
Saillon,6140,11,3,4,24,2,4
Saint-Aubin (FR),2041,5,1,1,13,0,6
Saint-Aubin-Sauges,6414,3,6,1,19,1,8
Saint-Barthélemy (VD),5535,3,1,1,8,0,3
Saint-Blaise,6459,5,7,5,22,2,3
Saint-Brais,6758,0,0,0,1,1,0
Saint-Cergue,5727,9,5,2,26,2,8
Saint-George,5434,3,2,0,6,0,1
Saint-Gingolph,6155,4,3,1,11,1,2
Saint-Imier,443,12,8,1,46,9,16
Saint-Livres,5435,7,4,1,14,1,1
Saint-Légier-La Chiésaz,5888,12,5,1,20,0,2
Saint-Léonard,6246,5,4,1,19,2,7
Saint-Martin (FR),2335,6,3,0,9,0,0
Saint-Martin (VS),6087,2,2,1,8,0,3
Saint-Maurice,6217,15,6,1,40,4,14
Saint-Oyens,5436,1,0,0,1,0,0
Saint-Prex,5646,22,16,6,62,1,17
Saint-Saphorin (Lavaux),5610,1,1,0,3,1,0
Saint-Sulpice (VD),5648,6,13,2,23,0,2
Sainte-Croix,5568,9,9,4,51,10,19
Salenstein,4851,4,4,0,12,0,4
Salgesch,6113,7,4,4,19,0,4
Salmsach,4441,7,1,3,22,3,8
Salouf,3538,1,0,0,1,0,0
Salvan,6218,3,1,1,8,0,3
Salvenach,2277,3,2,0,5,0,0
Samedan,3786,8,7,1,25,2,7
Samnaun,3752,2,1,0,6,0,3
San Vittore,3835,0,4,0,7,0,3
Sant'Antonino,5017,5,4,1,17,1,6
Sant'Antonio,5018,1,0,0,1,0,0
Santa Maria in Calanca,3810,0,0,0,0,0,0
Sargans,3296,30,15,1,67,4,17
Sarmenstorf,4076,10,5,0,19,0,4
Sarnen,1407,42,26,1,93,3,21
Sarzens,5686,1,0,0,1,0,0
Satigny,6638,22,18,8,65,2,15
Sattel,1371,6,8,1,22,1,6
Saubraz,5437,0,1,0,1,0,0
Sauge,449,3,1,1,9,3,1
Saulcy,6722,1,0,0,1,0,0
Saules (BE),707,2,0,0,2,0,0
Savigny,5611,7,10,3,31,2,9
Savièse,6265,30,24,5,81,2,20
Savognin,3539,3,3,1,9,1,1
Savosa,5221,2,8,2,17,0,5
Saxeten,591,0,0,0,0,0,0
Saxon,6141,21,12,2,64,9,20
Schaffhausen,2939,122,73,19,339,36,89
Schafisheim,4207,10,5,1,23,0,7
Schangnau,906,6,2,1,18,1,8
Scharans,3638,5,3,0,13,1,4
Schattdorf,1213,16,14,1,50,3,16
Schattenhalb,786,4,1,1,8,1,1
Schelten,708,0,0,0,1,0,1
Schenkon,1099,17,11,2,36,0,6
Scherz,4113,0,4,0,4,0,0
Scheuren,747,1,0,0,2,1,0
Schiers,3962,8,1,0,15,2,4
Schinznach,4125,5,1,0,11,1,4
Schinznach-Bad,4114,7,2,0,14,1,4
Schlatt (TG),4546,5,1,2,15,0,7
Schlatt (ZH),226,3,5,0,10,1,1
Schlatt-Haslen,3104,0,0,0,0,0,0
Schleinikon,98,2,2,0,6,0,2
Schleitheim,2952,9,2,0,13,0,2
Schlierbach,1100,5,2,1,8,0,0
Schlieren,247,88,41,5,242,38,70
Schlossrued,4142,0,1,1,4,0,2
Schlosswil,624,3,1,1,7,0,2
Schluein,3582,4,1,0,7,1,1
Schmerikon,3338,9,9,0,27,1,8
Schmiedrued,4143,5,0,1,9,0,3
Schmitten (FR),2305,18,10,1,44,5,10
Schmitten (GR),3514,0,0,0,0,0,0
Schneisingen,4318,1,1,2,4,0,0
Schnottwil,2461,7,4,0,11,0,0
Schongau,1041,4,3,1,12,2,2
Schupfart,4259,7,0,0,7,0,0
Schwaderloch,4176,2,1,0,6,2,1
Schwadernau,748,1,1,2,4,0,0
Schwanden bei Brienz,592,3,2,1,7,0,1
Schwarzenberg,1066,7,6,0,18,0,5
Schwarzenburg,855,13,12,2,39,2,10
Schwarzhäusern,341,4,0,0,5,0,1
Schwellbrunn,3004,14,4,0,25,0,7
Schwende,3105,2,0,0,3,0,1
Schwendibach,937,0,1,0,5,1,3
Schwerzenbach,197,25,23,3,69,6,12
Schwyz,1372,60,33,6,139,10,30
Schänis,3315,20,11,1,45,2,11
Schöfflisdorf,99,2,3,2,9,0,2
Schöftland,4144,14,4,3,29,3,5
Schönenberg (ZH),140,4,3,0,12,0,5
Schönenbuch,2774,2,2,0,8,0,4
Schönengrund,3003,1,0,1,3,0,1
Schönenwerd,2583,16,11,1,45,4,13
Schönholzerswilen,4756,9,1,0,14,1,3
Schötz,1143,20,13,3,54,5,13
Schübelbach,1346,38,17,3,100,7,35
Schüpfen,311,11,7,2,32,3,9
Schüpfheim,1008,23,4,2,47,6,12
Scuol,3762,13,7,4,41,4,13
Seeberg,988,7,3,0,15,1,4
Seedorf (BE),312,12,4,4,27,1,6
Seedorf (UR),1214,11,4,0,20,1,4
Seegräben,119,7,7,1,17,2,0
Seehof,709,0,0,0,0,0,0
Seelisberg,1215,2,1,0,4,0,1
Seengen,4208,19,13,1,39,2,4
Seewen,2480,2,1,3,10,1,3
Seewis im Prättigau,3972,6,0,2,10,0,2
Seftigen,883,12,4,1,30,3,10
Seltisberg,2833,3,2,1,7,0,1
Selzach,2556,14,8,1,27,2,2
Sembrancher,6035,3,2,0,10,3,2
Sementina,5019,11,10,5,37,2,9
Sempach,1102,21,10,1,42,2,8
Semsales,2336,4,4,0,11,2,1
Senarclens,5499,0,2,1,3,0,0
Sennwald,3274,16,10,2,46,7,11
Senèdes,2225,0,1,0,2,0,1
Seon,4209,17,10,5,44,3,9
Sergey,5762,0,0,0,0,0,0
Serravalle,5050,9,1,0,18,0,8
Servion,5799,6,4,3,20,3,4
Sessa,5222,4,0,1,5,0,0
Seuzach,227,30,11,6,63,1,15
Sevelen,3275,16,10,1,36,3,6
Siblingen,2953,3,1,0,5,1,0
Sierre,6248,55,32,13,171,19,52
Siglistorf,4319,1,1,0,6,1,3
Signau,907,9,5,0,22,1,7
Signy-Avenex,5728,1,2,0,4,0,1
Sigriswil,938,8,5,1,25,0,11
Silenen,1216,2,2,1,14,1,8
Sils im Domleschg,3640,4,1,1,7,1,0
Sils im Engadin/Segl,3789,4,2,0,10,1,3
Silvaplana,3790,4,3,0,7,0,0
Simplon,6009,2,1,0,4,0,1
Sins,4239,12,9,1,39,4,13
Sion,6266,121,60,8,311,35,87
Sirnach,4761,35,10,4,75,6,20
Siselen,499,4,2,0,10,0,4
Sisikon,1217,2,0,0,6,0,4
Sissach,2861,37,14,8,81,2,20
Sisseln,4177,3,3,1,13,2,4
Siviriez,2099,6,3,0,21,3,9
Soazza,3823,0,0,0,1,0,1
Sobrio,5081,0,0,0,0,0,0
Solothurn,2601,78,48,7,197,15,49
Sommeri,4446,2,0,0,3,0,1
Sonceboz-Sombeval,444,8,5,2,29,5,9
Sonogno,5129,0,0,1,1,0,0
Sonvilier,445,7,1,0,19,3,8
Soral,6639,3,4,0,7,0,0
Sorengo,5225,4,5,0,14,1,4
Sorens,2153,2,2,1,9,2,2
Sorvilier,711,0,0,0,3,1,2
Soubey,6759,0,0,0,0,0,0
Soyhières,6724,2,1,0,5,0,2
Speicher,3023,18,7,2,36,0,9
Spiez,768,44,21,10,108,4,29
Spiringen,1218,2,1,0,5,2,0
Splügen,3694,0,0,0,2,0,2
Spreitenbach,4040,51,39,6,179,31,52
St. Antoni,2302,3,4,1,8,0,0
St. Antönien,3893,2,0,0,3,0,1
St. Gallen,3203,314,166,44,836,79,233
St. Margrethen,3236,13,3,1,44,13,14
St. Moritz,3787,14,11,3,36,2,6
St. Niklaus,6292,6,11,1,24,3,3
St. Silvester,2303,2,1,3,7,1,0
St. Stephan,793,1,4,1,16,3,7
St. Ursen,2304,4,6,1,14,2,1
Stabio,5266,7,11,3,31,2,8
Stadel,100,1,7,1,15,1,5
Staffelbach,4284,3,0,0,4,0,1
Stalden (VS),6293,6,0,0,8,0,2
Staldenried,6294,0,0,0,0,0,0
Stallikon,13,23,15,7,49,1,3
Stans,1509,33,15,4,73,4,17
Stansstad,1510,11,6,2,28,3,6
Starrkirch-Wil,2584,6,6,1,15,0,2
Staufen,4210,23,5,1,34,1,4
Steckborn,4864,10,10,4,26,0,2
Steffisburg,939,62,32,8,144,4,38
Steg-Hohtenn,6204,5,1,2,14,3,3
Stein (AG),4260,9,9,2,32,5,7
Stein (AR),3005,5,9,0,20,1,5
Stein am Rhein,2964,9,8,1,29,4,7
Steinach,3217,14,5,1,29,3,6
Steinen,1373,9,6,0,33,0,18
Steinerberg,1374,2,6,0,10,1,1
Steinhausen,1708,29,19,7,87,5,27
Steinmaur,101,12,9,2,36,3,10
Stetten (AG),4041,9,4,1,22,0,8
Stetten (SH),2919,3,2,1,8,0,2
Stettfurt,4606,3,3,2,12,0,4
Stettlen,358,12,7,3,32,1,9
Stocken-Höfen,770,2,1,1,7,0,3
Strengelbach,4285,17,8,1,46,8,12
Studen (BE),749,11,8,0,29,4,6
Stäfa,158,39,46,13,118,3,17
Stüsslingen,2499,1,3,0,6,1,1
Subingen,2532,8,6,2,27,1,10
Suchy,5929,3,2,0,6,0,1
Sufers,3695,1,0,0,2,0,1
Suhr,4012,40,19,11,118,14,34
Sulgen,4506,13,5,0,34,4,12
Sullens,5501,2,3,2,9,0,2
Sumiswald,957,13,6,2,38,8,9
Sumvitg,3985,4,2,0,7,0,1
Sur,3540,0,0,0,0,0,0
Surpierre,2044,1,0,0,4,0,3
Sursee,1103,56,24,4,117,9,24
Suscévaz,5930,1,2,0,3,0,0
Sutz-Lattrigen,750,5,3,1,15,0,6
Syens,5688,2,0,0,3,0,1
Sâles,2152,4,6,1,16,1,4
Sévaz,2043,2,1,0,3,0,0
Sévery,5500,1,1,0,2,0,0
Tafers,2306,14,5,0,28,1,8
Tamins,3733,6,1,0,9,1,1
Tannay,5729,1,4,2,9,0,2
Tartegnin,5862,0,1,0,2,0,1
Tavannes,713,9,3,3,28,1,12
Tecknau,2862,3,0,0,6,1,2
Tegerfelden,4320,4,5,0,10,0,1
Tenero-Contra,5131,14,6,1,29,2,6
Tenniken,2863,3,1,0,4,0,0
Tentlingen,2307,5,1,0,7,0,1
Termen,6010,3,1,1,7,0,2
Terre di Pedemonte,5396,6,6,1,21,1,7
Teufen (AR),3024,18,17,3,49,4,7
Teufenthal (AG),4145,7,1,1,18,5,4
Teuffenthal (BE),940,2,0,0,2,0,0
Thal,3237,24,14,4,54,2,10
Thalheim (AG),4117,2,1,1,5,1,0
Thalheim an der Thur,39,3,2,2,8,0,1
Thalwil,141,78,70,20,197,2,27
Thayngen,2920,19,9,1,45,3,13
Therwil,2775,34,26,2,84,3,19
Thierachern,941,12,10,1,30,2,5
Thun,942,145,76,22,375,41,91
Thundorf,4611,6,4,2,16,0,4
Thunstetten,342,8,6,2,27,2,9
Thusis,3668,14,4,0,36,5,13
Thônex,6640,46,31,9,124,12,26
Thörigen,989,2,2,1,10,2,3
Thürnen,2864,6,3,1,18,2,6
Tinizong-Rona,3541,0,1,0,2,0,1
Titterten,2894,1,1,0,2,0,0
Tobel-Tägerschen,4776,3,5,0,14,1,5
Toffen,884,13,9,3,32,1,6
Tolochenaz,5649,9,7,1,25,4,4
Torny,2115,6,2,0,11,0,3
Torricella-Taverne,5227,10,4,3,25,1,7
Trachselwald,958,5,2,0,9,1,1
Tramelan,446,18,5,1,50,11,15
Trasadingen,2973,3,0,0,4,1,0
Treiten,500,2,0,0,3,0,1
Trey,5827,1,1,1,3,0,0
Treycovagnes,5931,1,2,0,5,0,2
Treytorrens (Payerne),5828,0,0,0,0,0,0
Treyvaux,2226,6,3,1,12,1,1
Triengen,1104,19,13,0,55,5,18
Trient,6142,0,0,0,0,0,0
Trimbach,2500,22,6,3,70,11,28
Trimmis,3945,17,6,1,34,1,9
Trin,3734,10,3,0,14,1,0
Trogen,3025,4,2,2,13,2,3
Troinex,6641,8,8,2,20,0,2
Troistorrents,6156,13,15,6,50,2,14
Trub,908,6,3,1,11,0,1
Trubschachen,909,7,3,0,12,1,1
Trun,3987,5,1,0,8,0,2
Truttikon,41,1,1,0,2,0,0
Trélex,5730,3,2,1,8,1,1
Trüllikon,40,4,1,1,9,0,3
Tschappina,3669,0,1,0,1,0,0
Tschiertschen-Praden,3932,4,0,0,5,0,1
Tschugg,501,2,1,0,5,1,1
Tuggen,1347,11,5,2,40,5,17
Tujetsch,3986,4,3,1,13,1,4
Turbenthal,228,16,4,3,42,4,15
Turgi,4042,15,7,1,38,5,10
Turtmann-Unterems,6119,1,3,1,16,3,8
Twann-Tüscherz,756,2,3,0,8,0,3
Tägerig,4077,8,4,1,19,0,6
Tägertschi,625,1,1,0,5,0,3
Tägerwilen,4696,18,11,2,38,2,5
Täsch,6295,8,5,0,23,1,9
Täuffelen,751,8,6,2,22,0,6
Tévenon,5571,3,0,0,4,1,0
Törbel,6296,2,0,0,4,0,2
Tübach,3218,8,5,1,18,0,4
Udligenswil,1067,6,4,1,15,2,2
Ueberstorf,2308,10,5,0,18,0,3
Uebeschi,943,2,2,0,8,0,4
Ueken,4179,2,1,0,7,0,4
Uerkheim,4286,3,0,0,5,0,2
Uesslingen-Buch,4616,5,2,2,11,2,0
Uetendorf,944,11,8,2,41,6,14
Uetikon am See,159,12,13,6,38,1,6
Uezwil,4078,1,0,0,1,0,0
Ufhusen,1145,5,3,0,8,0,0
Uitikon,248,13,11,5,31,1,1
Ulmiz,2278,1,0,0,2,0,1
Unterbäch,6201,4,1,0,6,0,1
Untereggen,3219,4,2,1,9,0,2
Unterengstringen,249,5,15,4,32,3,5
Unterentfelden,4013,15,8,4,44,4,13
Unteriberg,1375,8,3,0,20,2,7
Unterkulm,4146,10,0,2,25,4,9
Unterlangenegg,945,3,3,2,9,0,1
Unterlunkhofen,4079,3,2,0,6,1,0
Unterramsern,2463,3,0,0,4,0,1
Unterschächen,1219,2,1,0,6,1,2
Unterseen,593,15,13,2,37,4,3
Untersiggenthal,4044,29,14,5,80,9,23
Unterstammheim,42,2,3,0,6,0,1
Untervaz,3946,13,4,0,24,1,6
Unterägeri,1709,38,26,5,89,4,16
Urdorf,250,49,10,6,83,6,12
Urmein,3670,1,1,0,2,0,0
Urnäsch,3006,14,4,0,30,3,9
Ursenbach,344,2,2,0,10,1,5
Ursins,5932,0,0,0,2,0,2
Ursy,2102,14,2,1,32,4,11
Urtenen-Schönbühl,551,29,12,1,74,4,28
Uster,198,138,121,26,374,23,66
Uttigen,885,7,5,1,16,0,3
Uttwil,4451,10,4,0,16,1,1
Utzenstorf,552,11,9,0,26,1,5
Uznach,3339,19,14,0,64,6,25
Uzwil,3408,65,16,6,143,17,39
Vacallo,5268,11,9,3,31,1,7
Val Müstair,3847,2,0,0,3,0,1
Val Terbi,6730,3,4,2,22,1,12
Val-d'Illiez,6157,6,2,0,10,1,1
Val-de-Charmey,2163,9,2,0,15,0,4
Val-de-Ruz,6487,46,33,7,134,9,39
Val-de-Travers,6512,29,13,5,94,10,37
Valangin,6485,2,1,0,3,0,0
Valbirse,717,12,8,0,35,6,9
Valbroye,5831,16,5,0,25,2,2
Valeyres-sous-Montagny,5933,1,1,0,4,0,2
Valeyres-sous-Rances,5763,7,0,1,9,0,1
Valeyres-sous-Ursins,5934,3,0,0,4,0,1
Vallon,2045,1,0,0,1,0,0
Vallorbe,5764,12,9,2,41,9,9
Vals,3603,0,1,0,4,0,3
Valsot,3764,1,1,0,5,0,3
Vandoeuvres,6642,10,4,2,17,0,1
Varen,6116,2,1,1,6,0,2
Vaulion,5765,1,0,0,5,2,2
Vaulruz,2155,5,2,0,10,0,3
Vaumarcus,6415,3,0,0,4,0,1
Vaux-sur-Morges,5650,0,1,0,1,0,0
Vaz/Obervaz,3506,5,3,1,14,2,3
Vechigen,359,15,11,5,45,5,9
Vellerat,6728,1,0,0,1,0,0
Veltheim (AG),4120,3,4,1,12,0,4
Vendlincourt,6806,1,1,0,5,1,2
Venthône,6249,3,1,1,6,0,1
Verdabbio,3836,0,0,0,0,0,0
Vergeletto,5132,0,0,0,0,0,0
Vernate,5230,2,4,1,9,1,1
Vernay,2052,6,1,0,12,0,5
Vernayaz,6219,4,5,2,17,2,4
Vernier,6643,141,89,22,427,64,111
Versoix,6644,44,40,13,146,11,38
Vevey,5890,81,61,10,231,34,45
Vex,6089,7,2,1,14,0,4
Veyras,6250,6,6,1,17,1,3
Veyrier,6645,32,33,7,97,4,21
Veysonnaz,6267,0,1,0,1,0,0
Veytaux,5891,6,2,1,10,1,0
Vezia,5231,7,7,0,17,0,3
Vich,5732,0,3,0,5,0,2
Vico Morcote,5233,1,4,0,5,0,0
Villarepos,2279,1,0,1,4,1,1
Villars-Epeney,5935,0,0,0,0,0,0
Villars-Sainte-Croix,5651,1,2,1,6,0,2
Villars-le-Comte,5690,2,0,0,2,0,0
Villars-le-Terroir,5537,2,1,0,7,2,2
Villars-sous-Yens,5652,3,0,0,6,0,3
Villars-sur-Glâne,2228,46,42,9,154,18,39
Villarsel-sur-Marly,2230,0,0,0,0,0,0
Villarzel,5830,0,1,0,3,1,1
Villaz-Saint-Pierre,2111,2,2,1,10,3,2
Villeneuve (FR),2047,0,2,0,4,0,2
Villeneuve (VD),5414,13,7,2,52,8,22
Villeret,448,0,1,0,2,0,1
Villigen,4121,7,4,1,20,3,5
Villmergen,4080,23,15,0,71,8,25
Villnachern,4122,3,3,2,9,0,1
Villorsonnens,2114,4,4,1,15,2,4
Vilters-Wangs,3297,17,10,4,45,3,11
Vinelz,502,4,1,0,8,0,3
Vinzel,5863,1,0,0,1,0,0
Vionnaz,6158,8,6,3,27,1,9
Visp,6297,30,18,5,89,8,28
Visperterminen,6298,3,3,1,8,0,1
Vitznau,1068,2,1,0,6,1,2
Vogorno,5135,1,0,0,2,0,1
Volken,43,0,1,0,2,0,1
Volketswil,199,75,59,18,224,12,60
Vollèges,6036,9,7,0,21,0,5
Vordemwald,4287,10,3,0,17,2,2
Vorderthal,1348,3,1,0,10,0,6
Vouvry,6159,11,3,2,37,5,16
Vuadens,2160,6,8,0,19,1,4
Vuarrens,5539,8,3,0,14,1,2
Vucherens,5692,0,1,1,3,0,1
Vufflens-la-Ville,5503,7,0,1,10,0,2
Vufflens-le-Château,5653,1,2,0,4,0,1
Vugelles-La Mothe,5937,1,0,0,2,1,0
Vuissens,2049,4,2,0,8,0,2
Vuisternens-devant-Romont,2113,14,7,0,36,3,12
Vuisternens-en-Ogoz,2231,6,3,1,15,2,3
Vuiteboeuf,5766,3,1,0,7,1,2
Vulliens,5803,3,0,0,4,0,1
Vullierens,5654,3,0,2,8,0,3
Vully-les-Lacs,5464,10,2,3,26,4,7
Vérossaz,6220,4,3,1,10,0,2
Vétroz,6025,17,16,5,69,6,25
Wachseldorn,946,4,1,0,8,0,3
Wagenhausen,4871,8,3,0,22,2,9
Wahlen,2792,0,2,1,6,1,2
Walchwil,1710,13,12,2,32,1,4
Wald (AR),3036,3,3,0,8,0,2
Wald (BE),888,4,1,2,9,0,2
Wald (ZH),120,31,17,8,94,9,29
Waldenburg,2895,3,0,2,11,3,3
Waldkirch,3444,20,7,1,41,3,10
Waldstatt,3007,7,1,1,17,3,5
Walenstadt,3298,30,17,2,78,8,21
Walkringen,626,4,2,0,11,0,5
Wallbach,4261,3,1,1,11,0,6
Wallenried,2283,1,1,0,4,0,2
Wallisellen,69,56,51,11,173,15,40
Walliswil bei Niederbipp,990,1,0,0,2,0,1
Walliswil bei Wangen,991,4,0,0,6,1,1
Walperswil,754,1,2,0,5,0,2
Waltalingen,44,3,1,0,5,0,1
Waltensburg/Vuorz,3616,1,0,1,2,0,0
Waltenschwil,4240,8,9,1,28,2,8
Walterswil (BE),959,2,1,0,3,0,0
Walterswil (SO),2585,1,1,0,3,0,1
Walzenhausen,3037,10,0,0,15,3,2
Wangen (SZ),1349,17,11,1,47,3,15
Wangen an der Aare,992,8,11,1,24,1,3
Wangen bei Olten,2586,7,8,1,33,4,13
Wangen-Brüttisellen,200,31,22,2,81,8,18
Wangenried,993,1,2,0,4,0,1
Wartau,3276,17,14,0,55,8,16
Warth-Weiningen,4621,6,3,1,12,2,0
Wassen,1220,1,1,0,2,0,0
Wasterkingen,70,0,3,0,3,0,0
Wattenwil,886,6,4,3,23,3,7
Wattwil,3379,29,7,5,72,5,26
Wauwil,1146,8,5,0,16,0,3
Weesen,3316,3,3,0,13,3,4
Wegenstetten,4262,8,0,0,11,1,2
Weggis,1069,5,10,0,23,3,5
Weiach,102,1,3,0,5,0,1
Weinfelden,4946,46,24,8,127,10,39
Weiningen (ZH),251,10,13,5,49,6,15
Weisslingen,180,6,5,2,20,0,7
Welschenrohr,2429,4,1,0,6,1,0
Wengi,394,2,3,0,8,1,2
Wenslingen,2865,3,1,0,6,0,2
Werthenstein,1009,7,4,2,20,1,6
Wettingen,4045,76,58,14,207,10,49
Wettswil am Albis,14,24,15,3,47,2,3
Wetzikon (ZH),121,89,42,5,247,26,85
Wichtrach,632,14,11,3,37,3,6
Widen,4081,12,9,0,25,0,4
Widnau,3238,29,18,8,98,12,31
Wiedlisbach,995,11,1,0,20,2,6
Wiesendangen,298,32,14,1,58,1,10
Wiggiswil,553,0,0,0,0,0,0
Wigoltingen,4951,9,1,0,20,1,9
Wikon,1147,10,1,1,20,0,8
Wil (SG),3427,96,48,17,259,34,64
Wil (ZH),71,6,4,1,14,0,3
Wila,181,4,1,0,11,3,3
Wilchingen,2974,9,2,0,13,2,0
Wildberg,182,6,3,0,10,1,0
Wilderswil,594,4,5,2,18,2,5
Wildhaus-Alt St. Johann,3359,10,13,0,28,1,4
Wilen (TG),4786,11,4,1,19,3,0
Wiler (Lötschen),6202,2,1,0,3,0,0
Wiler bei Utzenstorf,554,0,0,0,3,0,3
Wileroltigen,671,2,2,0,5,0,1
Wiliberg,4288,0,0,0,0,0,0
Willadingen,423,0,0,0,0,0,0
Willisau,1151,38,23,2,88,8,17
Wimmis,769,5,7,1,21,2,6
Windisch,4123,24,10,2,58,6,16
Winkel,72,24,4,4,43,1,10
Wintersingen,2866,1,5,2,9,0,1
Winterthur,230,481,288,69,1263,125,300
Winznau,2501,6,5,0,13,1,1
Wisen (SO),2502,1,1,0,3,0,1
Wislikofen,4322,2,1,0,4,0,1
Wittenbach,3204,28,19,2,79,5,25
Witterswil,2481,1,6,0,8,1,0
Wittinsburg,2867,1,0,2,3,0,0
Wittnau,4181,13,3,3,22,1,2
Wohlen (AG),4082,47,13,6,142,24,52
Wohlen bei Bern,360,33,21,8,77,3,12
Wohlenschwil,4046,7,4,0,19,2,6
Wolfenschiessen,1511,8,3,0,27,4,12
Wolfhalden,3038,5,1,1,13,0,6
Wolfisberg,996,1,1,0,2,0,0
Wolfwil,2408,8,2,1,16,1,4
Wolhusen,1107,18,6,2,38,3,9
Wollerau,1323,18,14,6,50,0,12
Worb,627,41,35,4,115,11,24
Worben,755,5,5,0,13,1,2
Wuppenau,4791,6,2,0,12,1,3
Wynau,345,4,3,1,18,4,6
Wynigen,424,10,0,1,17,1,5
Wyssachen,960,7,1,0,11,0,3
Wädenswil,142,90,50,9,195,13,33
Wäldi,4701,3,4,0,7,0,0
Wängi,4781,21,6,2,39,2,8
Wölflinswil,4182,3,4,1,11,1,2
Wünnewil-Flamatt,2309,25,7,1,64,8,23
Würenlingen,4047,22,10,2,48,6,8
Würenlos,4048,26,21,5,63,1,10
Yens,5655,6,4,0,12,1,1
Yverdon-les-Bains,5938,115,74,14,328,47,78
Yvonand,5939,6,7,0,23,1,9
Yvorne,5415,2,4,0,9,0,3
Zeglingen,2868,2,1,0,5,0,2
Zeihen,4183,5,5,4,16,1,1
Zeiningen,4263,7,1,2,17,0,7
Zell (LU),1150,7,3,0,22,3,9
Zell (ZH),231,16,15,4,60,8,17
Zeneggen,6299,0,0,0,0,0,0
Zermatt,6300,18,13,2,55,6,16
Zernez,3746,9,6,0,17,1,1
Zetzwil,4147,5,3,0,15,2,5
Ziefen,2834,8,6,0,17,0,3
Zielebach,556,3,4,0,8,1,0
Zihlschlacht-Sitterdorf,4511,13,6,0,26,3,4
Zillis-Reischen,3712,1,1,0,4,1,1
Zizers,3947,12,3,0,23,1,7
Zofingen,4289,48,27,1,112,10,26
Zollikofen,361,41,27,7,117,11,31
Zollikon,161,55,47,14,132,1,15
Zuchwil,2534,28,10,3,92,18,33
Zufikon,4083,20,11,1,39,3,4
Zug,1711,102,97,30,277,9,39
Zullwil,2622,5,1,0,7,0,1
Zumholz,2310,0,1,0,4,0,3
Zumikon,160,11,13,6,33,1,2
Zunzgen,2869,7,2,1,14,0,4
Zuoz,3791,4,2,1,7,0,0
Zuzgen,4264,0,2,1,4,0,1
Zuzwil (BE),557,3,3,0,7,0,1
Zuzwil (SG),3426,19,13,4,50,1,13
Zweisimmen,794,10,6,2,26,0,8
Zwieselberg,947,2,1,0,3,0,0
Zwingen,2793,11,3,1,27,4,8
Zwischbergen,6011,0,0,1,1,0,0
Zäziwil,628,6,6,0,20,2,6
Zürich,261,1789,1636,418,4870,265,762
